"header__reqNo","header__resultCode","header__resultMsg","body__items__item__desertionNo","body__items__item__filename","body__items__item__happenDt","body__items__item__happenPlace","body__items__item__kindCd","body__items__item__colorCd","body__items__item__age","body__items__item__weight","body__items__item__noticeNo","body__items__item__noticeSdt","body__items__item__noticeEdt","body__items__item__popfile","body__items__item__processState","body__items__item__sexCd","body__items__item__neuterYn","body__items__item__specialMark","body__items__item__careNm","body__items__item__careTel","body__items__item__careAddr","body__items__item__orgNm","body__items__item__chargeNm","body__items__item__officetel","body__items__item__noticeComment","body__numOfRows","body__pageNo","body__totalCount"
"32069376","00","NORMAL SERVICE.","444450202101068","http://www.animal.go.kr/files/shelter/2021/12/202201041101258_s.jpg","20211231","공주시 우금티터널","[개] 믹스견","갈색","2019(년생)","5(Kg)","충남-공주-2022-00001","20220104","20220117","http://www.animal.go.kr/files/shelter/2021/12/202201041101258.png","종료(반환)","M","N","파란색목줄착용, 겁이많음,진드기, 털엉킴, 치석증, 심장사상충감염의심","공주시 동물보호소","041-853-7575","충청남도 공주시 감영길 7 (반죽동) ","충청남도 공주시","축산유통팀","041-840-8580","","200","1","8309"
"","","","441559202101292","http://www.animal.go.kr/files/shelter/2021/12/202201031501804_s.jpg","20211231","장흥면 유원지로 89번길 90 인근","[개] 말티즈","흰","2020(년생)","3.2(Kg)","경기-양주-2022-00005","20220104","20220114","http://www.animal.go.kr/files/shelter/2021/12/202201031501804.jpg","종료(입양)","M","Y","부정교합. 코갈색. 낑낑댐/사람좋아함. 꼬리단미안됨. 털상태 양호.","한국동물구조관리협회","031-867-9119","경기도 양주시 남면 감악산로 63-37 (남면) ","경기도 양주시","양주시 동물보호팀","031-8082-7361","","","",""
"","","","426328202100505","http://www.animal.go.kr/files/shelter/2021/12/202201040901435_s.jpg","20211231","영도 동물병원","[개] 푸들","흰색","2020(년생)","3.2(Kg)","부산-영도-2022-00001","20220104","20220114","http://www.animal.go.kr/files/shelter/2021/12/202201040901435.jpg","종료(반환)","M","N","파란색 옷 착용","하얀비둘기","051-293-9779","부산광역시 강서구 제도로 726 (강동동) ","부산광역시 영도구","유혜정","051-419-6211","","","",""
"","","","411306202100780","http://www.animal.go.kr/files/shelter/2021/12/202201031501688_s.jpg","20211231","동일로 140길 33 인근","[고양이] 한국 고양이","검","2020(년생)","2.8(Kg)","서울-중랑-2022-00002","20220104","20220124","http://www.animal.go.kr/files/shelter/2021/12/202201031501688.jpg","종료(자연사)","F","U","구강질환. 기립불능. 기력없음. 저체온. 털상태불량.","한국동물구조관리협회","031-867-9119","경기도 양주시 남면 감악산로 63-37 ","서울특별시 중랑구","김가희","02-2094-0753","","","",""
"","","","450650202105368","http://www.animal.go.kr/files/shelter/2021/12/202201030901648_s.jpg","20211231","제주시 삼도일동 서사로 4길 3","[고양이] 한국 고양이","회색","2021(년생)","3.2(Kg)","제주-제주-2022-00011","20220103","20220113","http://www.animal.go.kr/files/shelter/2021/12/202201030901648.jpg","종료(입양)","F","N","개체관리번호 21854 - 임시보호","제주 동물보호센터","064-710-4065","제주특별자치도 제주시 첨단동길 184-14 (용강동) ","제주특별자치도","제주동물보호센터","064-710-4065","","","",""
"","","","450650202105367","http://www.animal.go.kr/files/shelter/2021/12/20220103090147_s.jpg","20211231","제주시 도련일동 1636","[고양이] 한국 고양이","갈색","2022(년생)","1.1(Kg)","제주-제주-2022-00010","20220103","20220113","http://www.animal.go.kr/files/shelter/2021/12/20220103090147.jpg","종료(기증)","F","N","개체관리번호 21853 - 2개월/꼬리,좌후지다침","제주 동물보호센터","064-710-4065","제주특별자치도 제주시 첨단동길 184-14 (용강동) ","제주특별자치도","제주동물보호센터","064-710-4065","","","",""
"","","","450650202105366","http://www.animal.go.kr/files/shelter/2021/12/20220103090169_s.jpg","20211231","제주시 구좌읍 김녕로 101","[고양이] 한국 고양이","흰갈","2020(년생)","3.6(Kg)","제주-제주-2022-00009","20220103","20220113","http://www.animal.go.kr/files/shelter/2021/12/20220103090169.jpg","종료(자연사)","M","N","개체관리번호 21852 - 교통사고/경계심","제주 동물보호센터","064-710-4065","제주특별자치도 제주시 첨단동길 184-14 (용강동) ","제주특별자치도","제주동물보호센터","064-710-4065","","","",""
"","","","450650202105365","http://www.animal.go.kr/files/shelter/2021/12/202201030901483_s.jpg","20211231","제주시 해안동 해안마을 8길 17","[개] 믹스견","검흰","2022(년생)","10.4(Kg)","제주-제주-2022-00008","20220103","20220113","http://www.animal.go.kr/files/shelter/2021/12/202201030901483.jpg","종료(반환)","F","N","개체관리번호 4592 - 4개월","제주 동물보호센터","064-710-4065","제주특별자치도 제주시 첨단동길 184-14 (용강동) ","제주특별자치도","제주동물보호센터","064-710-4065","","","",""
"","","","450650202105364","http://www.animal.go.kr/files/shelter/2021/12/202201030901771[1]_s.jpg","20211231","제주시 봉개동 노루손이북길 6","[개] 믹스견","흰색","2022(년생)","10(Kg)","제주-제주-2022-00007","20220103","20220113","http://www.animal.go.kr/files/shelter/2021/12/202201030901771[1].jpg","종료(반환)","F","N","개체관리번호 4591 - 10개월","제주 동물보호센터","064-710-4065","제주특별자치도 제주시 첨단동길 184-14 (용강동) ","제주특별자치도","제주동물보호센터","064-710-4065","","","",""
"","","","450650202105363","http://www.animal.go.kr/files/shelter/2021/12/202201030901129_s.jpg","20211231","제주시 조천읍 조천리 2714 -5","[개] 믹스견","갈검","2020(년생)","24(Kg)","제주-제주-2022-00006","20220103","20220113","http://www.animal.go.kr/files/shelter/2021/12/202201030901129.jpg","종료(반환)","M","N","개체관리번호 4590 - 체인착용","제주 동물보호센터","064-710-4065","제주특별자치도 제주시 첨단동길 184-14 (용강동) ","제주특별자치도","제주동물보호센터","064-710-4065","","","",""
"","","","450650202105362","http://www.animal.go.kr/files/shelter/2021/12/202201030901510_s.jpg","20211231","제주시 건입동 사라봉 7길 11","[개] 믹스견","흰색","2018(년생)","20(Kg)","제주-제주-2022-00005","20220103","20220113","http://www.animal.go.kr/files/shelter/2021/12/202201030901510.jpg","종료(안락사)","M","N","개체관리번호 4589 - 심장사상충/빨노목줄/경계심","제주 동물보호센터","064-710-4065","제주특별자치도 제주시 첨단동길 184-14 (용강동) ","제주특별자치도","제주동물보호센터","064-710-4065","","","",""
"","","","450650202105361","http://www.animal.go.kr/files/shelter/2021/12/202201030901749_s.jpg","20211231","제주시 애월읍 세비데미길 58","[개] 믹스견","흰색","2021(년생)","12(Kg)","제주-제주-2022-00004","20220103","20220113","http://www.animal.go.kr/files/shelter/2021/12/202201030901749.jpg","종료(안락사)","F","N","개체관리번호 4588 - 빨노목줄","제주 동물보호센터","064-710-4065","제주특별자치도 제주시 첨단동길 184-14 (용강동) ","제주특별자치도","제주동물보호센터","064-710-4065","","","",""
"","","","450650202105360","http://www.animal.go.kr/files/shelter/2021/12/20220103090154_s.jpg","20211231","서귀포시 남원읍 태수로 143번길 71-6","[개] 믹스견","흰색","2022(년생)","0.1(Kg)","제주-제주-2022-00003","20220103","20220113","http://www.animal.go.kr/files/shelter/2021/12/20220103090154.jpg","종료(자연사)","M","N","개체관리번호 4587 - 1주/이유식후분양","제주 동물보호센터","064-710-4065","제주특별자치도 제주시 첨단동길 184-14 (용강동) ","제주특별자치도","제주동물보호센터","064-710-4065","","","",""
"","","","450650202105359","http://www.animal.go.kr/files/shelter/2021/12/202201030901598_s.jpg","20211231","서귀포시 남원읍 태수로143번길 71-6	","[개] 믹스견","흰색","2021(년생)","17.2(Kg)","제주-제주-2022-00002","20220103","20220113","http://www.animal.go.kr/files/shelter/2021/12/202201030901598.jpg","종료(안락사)","F","N","개체관리번호 4586","제주 동물보호센터","064-710-4065","제주특별자치도 제주시 첨단동길 184-14 (용강동) ","제주특별자치도","제주동물보호센터","064-710-4065","","","",""
"","","","450650202105358","http://www.animal.go.kr/files/shelter/2021/12/202201030901183_s.jpg","20211231","서귀포시 서귀동 587-43","[개] 포메라니안","갈색","2019(년생)","2.5(Kg)","제주-제주-2022-00001","20220103","20220113","http://www.animal.go.kr/files/shelter/2021/12/202201030901183.jpg","종료(반환)","F","N","개체관리번호 4585 ","제주 동물보호센터","064-710-4065","제주특별자치도 제주시 첨단동길 184-14 (용강동) ","제주특별자치도","제주동물보호센터","064-710-4065","","","",""
"","","","448542202101085","http://www.animal.go.kr/files/shelter/2021/12/202201021401599_s.jpg","20211231","상리 부포로36","[개] 진도견","흰색","2019(년생)","15(Kg)","경남-고성-2022-00001","20220103","20220110","http://www.animal.go.kr/files/shelter/2021/12/202201021401599.jpg","종료(안락사)","F","U","1-608/입질 심함","고성군유기동물보호소","055-670-4314","경상남도 고성군 고성읍 남해안대로 2829-60  고성군농업기술센터 동물보호센터","경상남도 고성군","김우영","055-670-4316","","","",""
"","","","448535202101897","http://www.animal.go.kr/files/shelter/2021/12/202201031301773_s.jpg","20211231","율하로 4836(장유동) 모산초","[고양이] 믹스묘","갈색+흰색","2022(년생)","0.5(Kg)","경남-김해-2022-00011","20220103","20220113","http://www.animal.go.kr/files/shelter/2021/12/202201031301773.jpg","종료(자연사)","M","U","2-292, 50일추정, 영양상태 불량, 기력저하","누리동물병원","051-701-7599","부산광역시 해운대구 송정2로13번길 46 (송정동) ","경상남도 김해시","김해시","055-350-4133","","","",""
"","","","448535202101896","http://www.animal.go.kr/files/shelter/2021/12/202201031301543_s.jpg","20211231","봉황동 69-20","[개] 믹스견","흰색","2016(년생)","12(Kg)","경남-김해-2022-00010","20220103","20220113","http://www.animal.go.kr/files/shelter/2021/12/202201031301543.jpg","종료(자연사)","F","U","1-1286, 기립불능, 사고의심, 기력매우 저하","누리동물병원","051-701-7599","부산광역시 해운대구 송정2로13번길 46 (송정동) ","경상남도 김해시","김해시","055-350-4133","","","",""
"","","","448535202101895","http://www.animal.go.kr/files/shelter/2021/12/202201031301618_s.jpg","20211231","내외 119","[개] 말티즈","흰색","2010(년생)","5(Kg)","경남-김해-2022-00009","20220103","20220113","http://www.animal.go.kr/files/shelter/2021/12/202201031301618.jpg","종료(반환)","M","N","1-1285","누리동물병원","051-701-7599","부산광역시 해운대구 송정2로13번길 46 (송정동) ","경상남도 김해시","김해시","055-350-4133","","","",""
"","","","441409202101735","http://www.animal.go.kr/files/shelter/2022/01/202201120901529_s.jpg","20211231","산자뫼로 104번길 57 인근","[개] 믹스견","갈/흰","2018(년생)","18(Kg)","경기-김포-2022-00008","20220103","20220113","http://www.animal.go.kr/files/shelter/2022/01/202201120901529.jpg","종료(안락사)","F","U","유두큰,양윗입술상처,짖음,으르렁거림,겁많음,소심함,천천히다가가면사람약간따름","한국동물구조관리협회","031-867-9119","경기도 양주시 남면 감악산로 63-37 (남면) ","경기도 김포시","김수연","031-980-2893","","","",""
"","","","441409202101734","http://www.animal.go.kr/files/shelter/2021/12/202201031501144_s.jpg","20211231","산자뫼로 104번길 57 인근","[개] 믹스견","갈/검/흰","2022(년생)","1.9(Kg)","경기-김포-2022-00007","20220103","20220113","http://www.animal.go.kr/files/shelter/2021/12/202201031501144.jpg","종료(안락사)","M","N","양귀반접힘. 코검정. 사람좋아함. 활발함. 꼬리단미안됨. 털때탐. ","한국동물구조관리협회","031-867-9119","경기도 양주시 남면 감악산로 63-37 (남면) ","경기도 김포시","김수연","031-980-2893","","","",""
"","","","441409202101733","http://www.animal.go.kr/files/shelter/2021/12/202201031501334_s.jpg","20211231","대곶면 산자뫼로104번길 57 인근","[개] 믹스견","갈/검/흰","2022(년생)","1.5(Kg)","경기-김포-2022-00006","20220103","20220113","http://www.animal.go.kr/files/shelter/2021/12/202201031501334.jpg","종료(안락사)","F","U","양귀반접힘. 코검정. 사람좋아함. 활발함. 낑낑거림. 꼬리단미안됨. 털때탐. ","한국동물구조관리협회","031-867-9119","경기도 양주시 남면 감악산로 63-37 (남면) ","경기도 김포시","김수연","031-980-2893","","","",""
"","","","441409202101732","http://www.animal.go.kr/files/shelter/2021/12/202201031501930_s.jpg","20211231","대곶면 산자뫼로104번길 57 인근","[개] 믹스견","갈/검/흰","2022(년생)","1.5(Kg)","경기-김포-2022-00005","20220103","20220113","http://www.animal.go.kr/files/shelter/2021/12/202201031501930.jpg","종료(입양)","M","N","양귀반접힘. 코검정. 사람좋아함. 활발함. 꼬리단미안됨. 털때탐. ","한국동물구조관리협회","031-867-9119","경기도 양주시 남면 감악산로 63-37 (남면) ","경기도 김포시","김수연","031-980-2893","","","",""
"","","","441409202101731","http://www.animal.go.kr/files/shelter/2021/12/20220103150163_s.jpg","20211231","대곶면 산자뫼로104번길 57 인근","[개] 믹스견","갈/검/흰","2022(년생)","1.5(Kg)","경기-김포-2022-00004","20220103","20220113","http://www.animal.go.kr/files/shelter/2021/12/20220103150163.jpg","종료(안락사)","F","U","야귀반접힘. 코검정. 사람좋아함. 활발함. 낑낑거림. 꼬리단미안됨. 털때탐. ","한국동물구조관리협회","031-867-9119","경기도 양주시 남면 감악산로 63-37 (남면) ","경기도 김포시","김수연","031-980-2893","","","",""
"","","","441409202101730","http://www.animal.go.kr/files/shelter/2021/12/202201031501723_s.jpg","20211231","양촌읍 유현삭시로 241번길 63-11 인근","[개] 믹스견","검/흰","2022(년생)","2.3(Kg)","경기-김포-2022-00003","20220103","20220113","http://www.animal.go.kr/files/shelter/2021/12/202201031501723.jpg","종료(안락사)","F","U","양귀반접힘. 코검정. 겁많음/소심/비명지름/방어적입질. 꼬리단미안됨. 털때탐.","한국동물구조관리협회","031-867-9119","경기도 양주시 남면 감악산로 63-37 (남면) ","경기도 김포시","김수연","031-980-2893","","","",""
"","","","441409202101729","http://www.animal.go.kr/files/shelter/2021/12/202201031501674_s.jpg","20211231","양촌읍 유현삭시로 241번길 63-11 인근","[개] 믹스견","검/흰","2022(년생)","2(Kg)","경기-김포-2022-00002","20220103","20220113","http://www.animal.go.kr/files/shelter/2021/12/202201031501674.jpg","종료(안락사)","F","U","양귀반접힘. 코검정. 겁많음/소심/방어적입질. 꼬리단미안됨. 털때탐.","한국동물구조관리협회","031-867-9119","경기도 양주시 남면 감악산로 63-37 (남면) ","경기도 김포시","김수연","031-980-2893","","","",""
"","","","441409202101728","http://www.animal.go.kr/files/shelter/2021/12/20220103150178_s.jpg","20211231","양촌읍 유현삭시로 241번길 63-11 인근","[개] 믹스견","검/흰","2022(년생)","3.5(Kg)","경기-김포-2022-00001","20220103","20220113","http://www.animal.go.kr/files/shelter/2021/12/20220103150178.jpg","종료(안락사)","M","N","양귀반접힘. 눈곱약간. 코검정. 겁많음/소심/방어적입질 약간. 꼬리단미안됨. 털때탐.","한국동물구조관리협회","031-867-9119","경기도 양주시 남면 감악산로 63-37 (남면) ","경기도 김포시","김수연","031-980-2893","","","",""
"","","","441405202103288","http://www.animal.go.kr/files/shelter/2021/12/202201031401535_s.jpg","20211231","용인시 처인구 모현읍 월촌리76-1","[개] 믹스견","갈색","2021(년생)","12(Kg)","경기-용인-2022-00001","20220103","20220113","http://www.animal.go.kr/files/shelter/2021/12/202201031401535.jpg","보호중","M","U","쓸쓸한 눈빛을 가진 겨울남자","용인시 동물보호센터","031-324-3463","경기도 용인시 처인구 중부대로 1074-1 (삼가동) 용인시 동물보호센터","경기도 용인시","동물보호과","031-324-3463","","","",""
"","","","431373202101487","http://www.animal.go.kr/files/shelter/2021/12/202201031101375_s.jpg","20211231","대복동천로 27","[고양이] 한국 고양이","검정/흰색","2022(년생)","1.9(Kg)","울산-울주-2022-00002","20220103","20220113","http://www.animal.go.kr/files/shelter/2021/12/202201031101375.jpg","종료(입양)","M","N","순함/노란색 목테 있음","울산유기동물보호센터","052-238-6113","울산광역시 울주군 온양읍 발리 1144","울산광역시 울주군","김은지","052-204-1635","","","",""
"","","","431373202101486","http://www.animal.go.kr/files/shelter/2021/12/202201031101880_s.jpg","20211231","범서읍 굴화장검1길, 한라아트빌","[고양이] 한국 고양이","치즈","2022(년생)","1.8(Kg)","울산-울주-2022-00001","20220103","20220113","http://www.animal.go.kr/files/shelter/2021/12/202201031101880.jpg","종료(자연사)","M","N","순함/이동장과 함께 버려짐","울산유기동물보호센터","052-238-6113","울산광역시 울주군 온양읍 발리 1144","울산광역시 울주군","김은지","052-204-1635","","","",""
"","","","428351202101067","http://www.animal.go.kr/files/shelter/2021/12/202201021101365_s.jpg","20211231","미추홀구 아암대로 29번길 13","[고양이] 한국 고양이","삼색","2022(년생)","0.2(Kg)","인천-미추홀-2022-00001","20220103","20220113","http://www.animal.go.kr/files/shelter/2021/12/202201021101365.jpg","종료(자연사)","F","N","2달추정, 양쪽눈병","인천광역시 수의사회","032-515-7567","인천광역시 계양구 다남로165번길 56 (다남동, 유기동물보호소) ","인천광역시 미추홀구","미추홀구","032-880-4384","입양전제로 임시보호중","","",""
"","","","427344202100605","http://www.animal.go.kr/files/shelter/2021/12/202201031001328_s.jpg","20211231","명덕로16길 35","[개] 믹스견","검정","2019(년생)","7(Kg)","대구-남구-2022-00002","20220103","20220113","http://www.animal.go.kr/files/shelter/2021/12/202201031001328.jpg","종료(안락사)","M","N","겁많고 예민함","대구유기동물보호협회","053-964-6258","대구광역시 동구 금강로 151-13 (금강동) ","대구광역시 남구","","053-664-2644","","","",""
"","","","426336202101139","http://www.animal.go.kr/files/shelter/2021/12/202201031101924_s.jpg","20211231","맥도강변길 752-15","[고양이] 스코티시폴드","회색","2022(년생)","2(Kg)","부산-강서-2022-00005","20220103","20220113","http://www.animal.go.kr/files/shelter/2021/12/202201031101924.jpeg","종료(자연사)","F","N","케이지채버려짐,온순함,사람손을많이탐","부산동물보호센터","051-832-7119","부산광역시 강서구 맥도강변길 752-15 (대저2동) ","부산광역시 강서구","김세희","051-970-4814","","","",""
"","","","426336202101138","http://www.animal.go.kr/files/shelter/2021/12/202201031101365_s.jpg","20211231","맥도강변길 752-15","[고양이] 스코티시폴드","회색","2019(년생)","3(Kg)","부산-강서-2022-00004","20220103","20220113","http://www.animal.go.kr/files/shelter/2021/12/202201031101365.jpeg","종료(입양)","F","N","케이지채버려짐,온순함,사람손을많이탐","부산동물보호센터","051-832-7119","부산광역시 강서구 맥도강변길 752-15 (대저2동) ","부산광역시 강서구","김세희","051-970-4814","","","",""
"","","","426336202101137","http://www.animal.go.kr/files/shelter/2021/12/202201031101900_s.jpg","20211231","맥도강변길 752-15","[고양이] 스코티시폴드","회색","2022(년생)","0.4(Kg)","부산-강서-2022-00003","20220103","20220113","http://www.animal.go.kr/files/shelter/2021/12/202201031101900.jpeg","종료(자연사)","Q","N","케이지채버려짐,인공포유중","부산동물보호센터","051-832-7119","부산광역시 강서구 맥도강변길 752-15 (대저2동) ","부산광역시 강서구","김세희","051-970-4814","","","",""
"","","","426336202101136","http://www.animal.go.kr/files/shelter/2021/12/202201031101543_s.jpg","20211231","맥도강변길 752-15","[고양이] 스코티시폴드","회색","2022(년생)","1.8(Kg)","부산-강서-2022-00002","20220103","20220113","http://www.animal.go.kr/files/shelter/2021/12/202201031101543.jpeg","종료(자연사)","F","N","케이지채버려짐,온순함,사람손을많이탐","부산동물보호센터","051-832-7119","부산광역시 강서구 맥도강변길 752-15 (대저2동) ","부산광역시 강서구","김세희","051-970-4814","","","",""
"","","","426336202101135","http://www.animal.go.kr/files/shelter/2021/12/202201031101652_s.jpg","20211231","맥도강변길 752-15","[고양이] 스코티시폴드","회색","2018(년생)","2.5(Kg)","부산-강서-2022-00001","20220103","20220113","http://www.animal.go.kr/files/shelter/2021/12/202201031101652.jpeg","종료(입양)","F","U","케이지채버려짐,온순함,사람손을많이탐","부산동물보호센터","051-832-7119","부산광역시 강서구 맥도강변길 752-15 (대저2동) ","부산광역시 강서구","김세희","051-970-4814","","","",""
"","","","426332202100613","http://www.animal.go.kr/files/shelter/2021/12/202201031801482_s.jpg","20211231","부산광역시 북구 만덕2로 10, 삼성아파트","[개] 믹스견","검정","2022(년생)","1.5(Kg)","부산-북구-2022-00002","20220103","20220113","http://www.animal.go.kr/files/shelter/2021/12/202201031801482.jpg","종료(자연사)","F","N","2두, 온순함","부산동물보호센터","051-832-7119","부산광역시 강서구 맥도강변길 752-15 (대저2동) ","부산광역시 북구","하정무","051-309-4651","","","",""
"","","","426332202100612","http://www.animal.go.kr/files/shelter/2021/12/202201031801357_s.jpg","20211231","부산광역시 북구 만덕2로 10, 삼성아파트","[개] 믹스견","검정","2022(년생)","1.5(Kg)","부산-북구-2022-00001","20220103","20220113","http://www.animal.go.kr/files/shelter/2021/12/202201031801357.jpg","종료(입양)","M","N","2두, 온순함","부산동물보호센터","051-832-7119","부산광역시 강서구 맥도강변길 752-15 (대저2동) ","부산광역시 북구","하정무","051-309-4651","","","",""
"","","","411323202100793","http://www.animal.go.kr/files/shelter/2022/01/202201120901479_s.jpg","20211231","오금로 64 다길 16-1 인근","[개] 믹스견","갈색","2020(년생)","18(Kg)","서울-송파-2022-00001","20220103","20220113","http://www.animal.go.kr/files/shelter/2022/01/202201120901479.jpg","종료(안락사)","F","U","분홍 목줄 착용. 양귀 쫑긋. 코검정. 겁많음/소심/방어적입질. 꼬리단미안됨. 털때탐.","한국동물구조관리협회","031-867-9119","경기도 양주시 남면 감악산로 63-37 (남면) ","서울특별시 송파구","원은실","02-2147-2835","","","",""
"","","","411322202100851","http://www.animal.go.kr/files/shelter/2021/12/202201031501268_s.jpg","20211231","세곡동사거리 일대","[기타축종] 거북이","검","2022(년생)","0.9(Kg)","서울-강남-2022-00001","20220103","20220113","http://www.animal.go.kr/files/shelter/2021/12/202201031501268.jpg","종료(안락사)","Q","U","성별/연령 추정불가. 활발함. 외관양호.","한국동물구조관리협회","031-867-9119","경기도 양주시 남면 감악산로 63-37 (남면) 한국동물구조관리협회","서울특별시 강남구","정복원","02-3423-5508","","","",""
"","","","411318202100677","http://www.animal.go.kr/files/shelter/2021/12/202201031501492_s.jpg","20211231","양평동1가 211-1 양평1동주민센터 인근","[고양이] 한국 고양이","갈/검/흰","2022(년생)","1.1(Kg)","서울-영등포-2022-00001","20220103","20220113","http://www.animal.go.kr/files/shelter/2021/12/202201031501492.jpg","종료(자연사)","M","N","양안 안구이상. 비/구강출혈. 기력없음. 기립불능. 혈뇨. 털상태 양호.","한국동물구조관리협회","031-867-9119","경기도 양주시 남면 감악산로 63-37 ","서울특별시 영등포구","홍승우","02-2670-3417","","","",""
"","","","411317202100488","http://www.animal.go.kr/files/shelter/2021/12/202201031501871_s.jpg","20211231","가산동 468-4 가산디지털단지역 5번출구 앞","[개] 믹스견","갈/흰","2017(년생)","4.5(Kg)","서울-금천-2022-00001","20220103","20220113","http://www.animal.go.kr/files/shelter/2021/12/202201031501871.jpg","종료(입양)","M","Y","담요함께옴.좌후지절뚝임/파행.겁많음/소심/방어적입질.털때탐.양슬개골탈구.좌후지파행.","한국동물구조관리협회","031-867-9119","경기도 양주시 남면 감악산로 63-37 (남면) ","서울특별시 금천구","생활유통팀","02-2627-1313","","","",""
"","","","411313202100909","http://www.animal.go.kr/files/shelter/2021/12/202112312012968_s.jpg","20211231","망원2동 파출소 앞","[개] 말티즈","흰색","2019(년생)","1.74(Kg)","서울-마포-2022-00001","20220103","20220113","http://www.animal.go.kr/files/shelter/2021/12/202112312012968.jpg","종료(반환)","F","U","마이크로칩없음. 순함. 흰옷+핑크색 치마옷 입고있음","웰케어 동물병원","02-337-7575","서울특별시 마포구 월드컵북로 27 (서교동, 이화빌딩) 서교동447-2","서울특별시 마포구","설미희","02-3153-8543","","","",""
"","","","411311202100897","http://www.animal.go.kr/files/shelter/2021/12/202201031501699_s.jpg","20211231","갈현동 서오릉 인근 도로 인도","[개] 푸들","검/흰","2015(년생)","3.5(Kg)","서울-은평-2022-00002","20220103","20220113","http://www.animal.go.kr/files/shelter/2021/12/202201031501699.jpg","종료(입양)","F","U","보라색 체크무늬 하네스. 코검정. 사람좋아함/활발/짖음/낑낑댐. 꼬리단미됨. 털때탐.","한국동물구조관리협회","031-867-9119","경기도 양주시 남면 감악산로 63-48  ","서울특별시 은평구","이지현","02-351-6842","","","",""
"","","","448528202101165","http://www.animal.go.kr/files/shelter/2022/03/202203091503247_s.jpg","20211231","완월남8길 25-4 주변","[개] 믹스견","흰색","2022(년생)","6(Kg)","경남-창원2-2022-00001","20220102","20220113","http://www.animal.go.kr/files/shelter/2022/03/202203091503247.jpg","종료(입양)","M","Y","3개월추정, 완전 깨발랄하고 토끼같이 점프함","마산유기동물보호소","055-225-5481","경상남도 창원시 마산합포구 진북면 지산2길 139-112 226-19","경상남도 창원시 마산합포회원구","창원시마산합포회원구","055-225-5701","","","",""
"","","","448547202100602","http://www.animal.go.kr/files/shelter/2021/12/202201011501982_s.jpg","20211231","거창읍 양평1길 100-12","[개] 셰퍼드","검정, 흰색, 갈색","2019(년생)","21(Kg)","경남-거창-2022-00001","20220101","20220111","http://www.animal.go.kr/files/shelter/2021/12/202201011501982.jpg","종료(입양)","F","N","온순함, 3세 추정","나래동물병원","055-942-8875","경상남도 거창군 거창읍 거창대로 13-2 (거창읍, 칠성슈퍼) ","경상남도 거창군","거창군","055-940-8140","","","",""
"","","","446481202101116","http://www.animal.go.kr/files/shelter/2021/12/202201011201908_s.jpg","20211231","여서 주공아파트","[개] 말티즈","흰색","2020(년생)","2.5(Kg)","전남-여수-2022-00001","20220101","20220111","http://www.animal.go.kr/files/shelter/2021/12/202201011201908.jpg","종료(입양)","F","N","온순함. 회색 옷 착용. 성대 수술 된 것으로 추정 됨.","유기동물보호소","061-659-4429","전라남도 여수시 주동1길 32 (주삼동, 여수시농업기술센터) 여수시 유기동물보호소","전라남도 여수시","축산정책팀","061-659-4429","","","",""
"","","","442420202100813","http://www.animal.go.kr/files/shelter/2021/12/202201011301854_s.jpg","20211231","주문진 연주로 GS편의점 앞","[개] 말티즈","흰색","2019(년생)","3.7(Kg)","강원-강릉-2022-00001","20220101","20220111","http://www.animal.go.kr/files/shelter/2021/12/202201011301854.jpg","종료(입양)","M","N","교통사고 골반골절","강릉시 동물사랑센터","033-641-7515","강원도 강릉시 성산면 내맬길 172  ","강원도 강릉시","동물정책과","033-640-5587","","","",""
"","","","427345202100691","http://www.animal.go.kr/files/shelter/2021/12/202201010901379_s.jpg","20211231","동천 119","[고양이] 한국 고양이","삼색","2022(년생)","1.3(Kg)","대구-북구-2022-00002","20220101","20220111","http://www.animal.go.kr/files/shelter/2021/12/202201010901379.jpg","종료(자연사)","F","N","교통사고 기립불가, 뒷다리 골절","대구유기동물보호협회","053-964-6258","대구광역시 동구 금강로 151-13 (금강동) ","대구광역시 북구","도유경","053-665-3192","","","",""
"","","","427345202100689","http://www.animal.go.kr/files/shelter/2021/12/202201010901772_s.jpg","20211231","사수동 한강공원","[고양이] 한국 고양이","흰+노랑","2020(년생)","7(Kg)","대구-북구-2022-00001","20220101","20220111","http://www.animal.go.kr/files/shelter/2021/12/202201010901772.jpg","종료(자연사)","M","Y","교통사고, 의식없음","대구유기동물보호협회","053-964-6258","대구광역시 동구 금강로 151-13 (금강동) ","대구광역시 북구","도유경","053-665-3192","","","",""
"","","","427344202100604","http://www.animal.go.kr/files/shelter/2021/12/202201010901912_s.jpg","20211231","현충로72 자동차 랜드 앞","[고양이] 한국 고양이","노랑","2020(년생)","5.5(Kg)","대구-남구-2022-00001","20220101","20220111","http://www.animal.go.kr/files/shelter/2021/12/202201010901912.jpg","종료(자연사)","F","Y","교통사고, 의식없음","대구유기동물보호협회","053-964-6258","대구광역시 동구 금강로 151-13 (금강동) ","대구광역시 남구","","053-664-2644","","","",""
"","","","427342202100725","http://www.animal.go.kr/files/shelter/2021/12/20220101090197_s.jpg","20211231","봉무동 명인족발 앞","[개] 믹스견","갈색+검정","2018(년생)","6(Kg)","대구-동구-2022-00001","20220101","20220111","http://www.animal.go.kr/files/shelter/2021/12/20220101090197.jpg","종료(반환)","M","N","검정목줄, 기력 없음","대구유기동물보호센터","053-964-6258","대구광역시 동구 금강로 151-13 (금강동) ","대구광역시 동구","박우희","053-662-2654","","","",""
"","","","448567202101344","http://www.animal.go.kr/files/shelter/2021/12/202112311412279_s.jpg","20211231","의창구 북면 감계 힐스테이트 114동 부근","[개] 라브라도 리트리버","갈색","2015(년생)","25(Kg)","경남-창원1-2021-00721","20211231","20220110","http://www.animal.go.kr/files/shelter/2021/12/202112311412279.jpg","종료(반환)","M","N","K-12-1-38 갈색. 내장칩동물등록:이름;가을","창원유기동물보호소","055-225-5481","경상남도 창원시 의창구 창이대로 71 (명서동, 창원시농업기술센터) 축산과","경상남도 창원시 의창성산구","창원시의창성산구","055-225-5701","","","",""
"","","","448548202100578","http://www.animal.go.kr/files/shelter/2021/12/202112311512105_s.jpg","20211231","합천읍","[개] 믹스견","갈색","2018(년생)","8(Kg)","경남-합천-2021-00431","20211231","20220110","http://www.animal.go.kr/files/shelter/2021/12/202112311512105.jpg","종료(안락사)","F","N","온순함 . 폐가에서 발견 ","태민동물병원","010-2868-2108","경상남도 합천군 합천읍 옥산로 16 (합천읍, 까치빌라) 태민동물병원","경상남도 합천군","정주연","055-930-3565","","","",""
"","","","448548202100577","http://www.animal.go.kr/files/shelter/2021/12/202112311512303_s.jpg","20211231","용주면","[개] 믹스견","흰색 검은색 ","2017(년생)","17(Kg)","경남-합천-2021-00430","20211231","20220110","http://www.animal.go.kr/files/shelter/2021/12/202112311512303.jpg","종료(입양)","F","N","도로길에서 유기 ","태민동물병원","010-2868-2108","경상남도 합천군 합천읍 옥산로 16 (합천읍, 까치빌라) 태민동물병원","경상남도 합천군","정주연","055-930-3565","","","",""
"","","","448548202100576","http://www.animal.go.kr/files/shelter/2021/12/202112311512635_s.jpg","20211231","용주면","[개] 믹스견","갈색 ","2018(년생)","10(Kg)","경남-합천-2021-00429","20211231","20220110","http://www.animal.go.kr/files/shelter/2021/12/202112311512635.jpg","종료(입양)","F","N","도로길에서 유기 ","태민동물병원","010-2868-2108","경상남도 합천군 합천읍 옥산로 16 (합천읍, 까치빌라) 태민동물병원","경상남도 합천군","정주연","055-930-3565","","","",""
"","","","448546202100461","http://www.animal.go.kr/files/shelter/2021/12/202112311712153_s.jpg","20211231","안의면 당본리","[개] 믹스견","흰색, 노란색","2014(년생)","15(Kg)","경남-함양-2021-00248","20211231","20220110","http://www.animal.go.kr/files/shelter/2021/12/202112311712153.jpg","종료(안락사)","F","N","암컷, 흰색과 노란색이 섞여져있음, 온순함, 약 15kg 추정, 성견 추정","함양군위탁보호소","055-960-8143","경상남도 함양군 함양읍 함양남서로 996-76 (함양읍, 농업기술센터) ","경상남도 함양군","","055-960-8140","","","",""
"","","","448546202100460","http://www.animal.go.kr/files/shelter/2021/12/202112311712657_s[1].jpg","20211231","수동면 사근산성길","[개] 믹스견","검정색, 흰색","2018(년생)","20(Kg)","경남-함양-2021-00247","20211231","20220110","http://www.animal.go.kr/files/shelter/2021/12/202112311712657.jpg","종료(반환)","F","N","검정색과 흰색이 섞여있음, 암컷, 약 20kg 추정, 온순함","함양군위탁보호소","055-960-8143","경상남도 함양군 함양읍 함양남서로 996-76 (함양읍, 농업기술센터) ","경상남도 함양군","","055-960-8140","","","",""
"","","","448544202100399","http://www.animal.go.kr/files/shelter/2021/12/202112311512748_s.jpg","20211231","하동군 금성면 하동소방서","[개] 믹스견","흰색","2021(년생)","1.7(Kg)","경남-하동-2021-00305","20211231","20220110","http://www.animal.go.kr/files/shelter/2021/12/202112311512748.jpg","종료(입양)","F","N","순함","하동군유기동물보호소","055-880-2677","경상남도 하동군 적량면 한옥정길 90 (적량면) 유기동물보호소","경상남도 하동군","하동군","055-880-2677","","","",""
"","","","448544202100398","http://www.animal.go.kr/files/shelter/2021/12/202112311512882_s.jpg","20211231","하동군 금성면 하동소방서","[개] 믹스견","연한갈색","2021(년생)","1.9(Kg)","경남-하동-2021-00304","20211231","20220110","http://www.animal.go.kr/files/shelter/2021/12/202112311512882.jpg","종료(안락사)","F","N","순함","하동군유기동물보호소","055-880-2677","경상남도 하동군 적량면 한옥정길 90 (적량면) 유기동물보호소","경상남도 하동군","하동군","055-880-2677","","","",""
"","","","448544202100397","http://www.animal.go.kr/files/shelter/2021/12/20211231151205_s.jpg","20211231","하동군 금성면 하동소방서","[개] 믹스견","연한갈색","2021(년생)","1.7(Kg)","경남-하동-2021-00303","20211231","20220110","http://www.animal.go.kr/files/shelter/2021/12/20211231151205.jpg","종료(입양)","M","N","순함","하동군유기동물보호소","055-880-2677","경상남도 하동군 적량면 한옥정길 90 (적량면) 유기동물보호소","경상남도 하동군","하동군","055-880-2677","","","",""
"","","","448544202100396","http://www.animal.go.kr/files/shelter/2021/12/202112311512150_s.jpg","20211231","하동군 금성면 하동소방서","[개] 믹스견","흰색","2021(년생)","1.8(Kg)","경남-하동-2021-00302","20211231","20220110","http://www.animal.go.kr/files/shelter/2021/12/202112311512150.jpg","종료(자연사)","M","N","순함","하동군유기동물보호소","055-880-2677","경상남도 하동군 적량면 한옥정길 90 (적량면) 유기동물보호소","경상남도 하동군","하동군","055-880-2677","","","",""
"","","","448544202100395","http://www.animal.go.kr/files/shelter/2021/12/202112311512998_s.jpg","20211231","하동군 진교면 관곡길35","[개] 믹스견","갈색","2021(년생)","1.7(Kg)","경남-하동-2021-00301","20211231","20220110","http://www.animal.go.kr/files/shelter/2021/12/202112311512998.jpg","종료(자연사)","F","N","순함","하동군유기동물보호소","055-880-2677","경상남도 하동군 적량면 한옥정길 90 (적량면) 유기동물보호소","경상남도 하동군","하동군","055-880-2677","","","",""
"","","","448544202100394","http://www.animal.go.kr/files/shelter/2021/12/202112311512211_s.jpg","20211231","하동군 진교면 관곡길35","[개] 믹스견","갈색","2021(년생)","1.9(Kg)","경남-하동-2021-00300","20211231","20220110","http://www.animal.go.kr/files/shelter/2021/12/202112311512211.jpg","종료(자연사)","M","N","순함","하동군유기동물보호소","055-880-2677","경상남도 하동군 적량면 한옥정길 90 (적량면) 유기동물보호소","경상남도 하동군","하동군","055-880-2677","","","",""
"","","","448544202100393","http://www.animal.go.kr/files/shelter/2021/12/202112311512190_s.jpg","20211231","하동군 진교면 관곡길35","[개] 믹스견","갈색","2021(년생)","1.7(Kg)","경남-하동-2021-00299","20211231","20220110","http://www.animal.go.kr/files/shelter/2021/12/202112311512190.jpg","종료(자연사)","M","N","순함","하동군유기동물보호소","055-880-2677","경상남도 하동군 적량면 한옥정길 90 (적량면) 유기동물보호소","경상남도 하동군","하동군","055-880-2677","","","",""
"","","","448543202100356","http://www.animal.go.kr/files/shelter/2021/12/202112311712108_s.jpg","20211231","경상남도 남해군 이동면 용소리 1289-13","[개] 믹스견","검은색, 연한 갈색","2018(년생)","7.5(Kg)","경남-남해-2021-00359","20211231","20220110","http://www.animal.go.kr/files/shelter/2021/12/202112311712108.jpeg","종료(자연사)","M","N","야생들개, 경계심이 있는 편","남해군유기동물보호소","055-862-5041","경상남도 남해군 이동면 무림로 33-13 (이동면) ","경상남도 남해군","남해군","055-860-3974","","","",""
"","","","448539202100207","http://www.animal.go.kr/files/shelter/2021/12/20211231171202_s.jpg","20211231","의령읍 의병로15길 6(엄마손식당)","[개] 믹스견","흰색,갈색 믹스","2020(년생)","4(Kg)","경남-의령-2021-00193","20211231","20220110","http://www.animal.go.kr/files/shelter/2021/12/20211231171202.jpg","종료(자연사)","M","U","사람잘따름, 발 절뚝거림","만하농장","055-570-4202","경상남도 의령군 의령읍 남강로 485-75  ","경상남도 의령군","의령군","055-570-4202","","","",""
"","","","448538202100640","http://www.animal.go.kr/files/shelter/2021/12/202112311612712_s[1].jpg","20211231","공원로233","[개] 믹스견","갈색","2021(년생)","3.9(Kg)","경남-양산-2021-00216","20211231","20220110","http://www.animal.go.kr/files/shelter/2021/12/202112311612712.jpg","종료(자연사)","M","U","갈색 생후3개월추정","양산시 동물보호센터","055-392-5669","경상남도 양산시 동면 석산리 392 양산시농업기술센터","경상남도 양산시","양산시","055-392-5663","","","",""
"","","","448538202100639","http://www.animal.go.kr/files/shelter/2021/12/202112311612594_s.jpg","20211231","공원로233","[개] 믹스견","흰색","2021(년생)","2.7(Kg)","경남-양산-2021-00215","20211231","20220110","http://www.animal.go.kr/files/shelter/2021/12/202112311612594.jpg","보호중","F","U","흰색 생후3개월추정","양산시 동물보호센터","055-392-5669","경상남도 양산시 동면 석산리 392 양산시농업기술센터","경상남도 양산시","양산시","055-392-5663","","","",""
"","","","448531202101225","http://www.animal.go.kr/files/shelter/2021/12/202112311712382[1]_s.jpg","20211231","진주시 초전동 자연드림","[개] 스피츠","흰색","2019(년생)","3.8(Kg)","경남-진주-2021-00662","20211231","20220110","http://www.animal.go.kr/files/shelter/2021/12/202112311712382[1].jpg","종료(입양)","M","N","순함,사람좋아함,포메라니안+스피츠믹스","진주시유기동물보호소","055-749-6134","경상남도 진주시 집현면 신당길207번길 22 (집현면, 지역농업개발시설) ","경상남도 진주시","진주시청","055-749-6204","","","",""
"","","","448528202101164","http://www.animal.go.kr/files/shelter/2021/12/202112311012183_s.jpg","20211231","양덕동 한일2차아파트 앞","[개] 믹스견","흰색","2019(년생)","20(Kg)","경남-창원2-2021-00387","20211231","20220110","http://www.animal.go.kr/files/shelter/2021/12/202112311012183.jpg","종료(반환)","M","N","순함, 주인분과 연락 됨","마산유기동물보호소","055-225-5481","경상남도 창원시 마산합포구 진북면 지산2길 139-112 226-19","경상남도 창원시 마산합포회원구","창원시마산합포회원구","055-225-5701","","","",""
"","","","447525202100516","http://www.animal.go.kr/files/shelter/2021/12/202112311212293_s.jpg","20211231","울진읍 대흥2길 26","[개] 믹스견","연갈색","2020(년생)","5.50(Kg)","경북-울진-2021-00455","20211231","20220107","http://www.animal.go.kr/files/shelter/2021/12/202112311212293.png","종료(입양)","F","N","온순하고 친화적","울진군동물보호센터","054-789-6795","경상북도 울진군 울진읍 대흥신림로 916-37  ","경상북도 울진군","울진군","054-789-6793","","","",""
"","","","447523202100450","http://www.animal.go.kr/files/shelter/2021/12/202112311012942_s.jpg","20211231","지보면 도화리","[개] 믹스견","검정, 흰색","2021(년생)","2.5(Kg)","경북-예천-2021-00370","20211231","20220110","http://www.animal.go.kr/files/shelter/2021/12/202112311012942.jpg","종료(입양)","F","N","보더콜리 닮은 외모, 심장사상충 음성, 어색한듯 하지만 조화로운 얼굴 무늬, 방정피우지 않는 양반개","예천군유기동물보호소","054-650-8167","경상북도 예천군 예천읍 충효로 632-84 (예천읍, 유기동물보호소) ","경상북도 예천군","예천군","054-650-8167","","","",""
"","","","447520202100297","http://www.animal.go.kr/files/shelter/2021/12/202112311412624_s.jpg","20211231","운수면 법리","[개] 믹스견","흰색,갈색","2019(년생)","4(Kg)","경북-고령-2021-00221","20211231","20220110","http://www.animal.go.kr/files/shelter/2021/12/202112311412624.jpg","종료(입양)","M","N","운수초등학교에서 포획(유기견)","고령군 임시보호소","010-8589-9575","경상북도 고령군 운수면 하법길 37 (운수면) ","경상북도 고령군","고령군","054-950-7472","","","",""
"","","","447520202100296","http://www.animal.go.kr/files/shelter/2021/12/202112311412828_s.jpg","20211231","운수면 법리","[개] 믹스견","황색","2021(년생)","2(Kg)","경북-고령-2021-00220","20211231","20220110","http://www.animal.go.kr/files/shelter/2021/12/202112311412828.jpg","종료(입양)","F","N","자견(이유 완료)","고령군 임시보호소","010-8589-9575","경상북도 고령군 운수면 하법길 37 (운수면) ","경상북도 고령군","고령군","054-950-7472","","","",""
"","","","447520202100295","http://www.animal.go.kr/files/shelter/2021/12/202112311412819_s.jpg","20211231","운수면 법리","[개] 믹스견","황색","2021(년생)","2(Kg)","경북-고령-2021-00219","20211231","20220110","http://www.animal.go.kr/files/shelter/2021/12/202112311412819.jpg","종료(자연사)","M","N","자견(이유 완료)","고령군 임시보호소","010-8589-9575","경상북도 고령군 운수면 하법길 37 (운수면) ","경상북도 고령군","고령군","054-950-7472","","","",""
"","","","447520202100294","http://www.animal.go.kr/files/shelter/2021/12/202112311412747_s.jpg","20211231","운수면 법리","[개] 믹스견","황색","2021(년생)","2(Kg)","경북-고령-2021-00218","20211231","20220110","http://www.animal.go.kr/files/shelter/2021/12/202112311412747.jpg","종료(자연사)","F","N","자견(이유 완료)","고령군 임시보호소","010-8589-9575","경상북도 고령군 운수면 하법길 37 (운수면) ","경상북도 고령군","고령군","054-950-7472","","","",""
"","","","447520202100293","http://www.animal.go.kr/files/shelter/2021/12/202112311412937_s.jpg","20211231","운수면 법리","[개] 믹스견","황색","2021(년생)","2(Kg)","경북-고령-2021-00217","20211231","20220110","http://www.animal.go.kr/files/shelter/2021/12/202112311412937.jpg","종료(자연사)","M","N","자견(이유 완료)","고령군 임시보호소","010-8589-9575","경상북도 고령군 운수면 하법길 37 (운수면) ","경상북도 고령군","고령군","054-950-7472","","","",""
"","","","447520202100292","http://www.animal.go.kr/files/shelter/2021/12/202112311412500_s.jpg","20211231","운수면 법리 ","[개] 믹스견","황색","2021(년생)","2(Kg)","경북-고령-2021-00216","20211231","20220110","http://www.animal.go.kr/files/shelter/2021/12/202112311412500.jpg","종료(자연사)","M","N","이유 완료(자견)","고령군 임시보호소","010-8589-9575","경상북도 고령군 운수면 하법길 37 (운수면) ","경상북도 고령군","고령군","054-950-7472","","","",""
"","","","447520202100291","http://www.animal.go.kr/files/shelter/2021/12/202112311412462_s.jpg","20211231","운수면 법리","[개] 믹스견","황색","2019(년생)","7(Kg)","경북-고령-2021-00215","20211231","20220110","http://www.animal.go.kr/files/shelter/2021/12/202112311412462.jpg","종료(입양)","F","N","새끼개 5마리 포유중이며 겁이 많음","고령군 임시보호소","010-8589-9575","경상북도 고령군 운수면 하법길 37 (운수면) ","경상북도 고령군","고령군","054-950-7472","","","",""
"","","","447513202101393","http://www.animal.go.kr/files/shelter/2021/12/202112312012518_s.jpg","20211231","가일리","[개] 믹스견","연갈색, 크림색","2021(년생)","2.90(Kg)","경북-경산-2021-00931","20211231","20220110","http://www.animal.go.kr/files/shelter/2021/12/202112312012518.jpg","보호중","M","N","생후 80일령 추정, 인근 공장 옆 야산에서 구조","경산시유기동물보호소","010-2536-0955","경상북도 경산시 용성면 사양지길 95 (용성면) ","경상북도 경산시","김홍근","053-810-6744","","","",""
"","","","447513202101392","http://www.animal.go.kr/files/shelter/2021/12/20211231201293_s.jpg","20211231","가일리","[개] 믹스견","크림색, 연갈색","2021(년생)","2.80(Kg)","경북-경산-2021-00930","20211231","20220110","http://www.animal.go.kr/files/shelter/2021/12/20211231201293.jpg","종료(자연사)","M","N","생후 80일령 추정, 인근 공장 옆 야산에서 구조","경산시유기동물보호소","010-2536-0955","경상북도 경산시 용성면 사양지길 95 (용성면) ","경상북도 경산시","김홍근","053-810-6744","","","",""
"","","","447513202101391","http://www.animal.go.kr/files/shelter/2021/12/202112312012751_s.jpg","20211231","가일리","[개] 믹스견","검정색","2021(년생)","2.04(Kg)","경북-경산-2021-00929","20211231","20220110","http://www.animal.go.kr/files/shelter/2021/12/202112312012751.jpg","종료(자연사)","F","N","생후 80일령 추정, 인근 공장 옆 야산에서 구조","경산시유기동물보호소","010-2536-0955","경상북도 경산시 용성면 사양지길 95 (용성면) ","경상북도 경산시","김홍근","053-810-6744","","","",""
"","","","447513202101390","http://www.animal.go.kr/files/shelter/2021/12/202112312012585_s.jpg","20211231","가일리","[개] 믹스견","연갈색, 블랙마스크","2021(년생)","2.76(Kg)","경북-경산-2021-00928","20211231","20220110","http://www.animal.go.kr/files/shelter/2021/12/202112312012585.jpg","종료(자연사)","M","N","생후 80일령 추정, 인근 공장 옆 야산에서 구조","경산시유기동물보호소","010-2536-0955","경상북도 경산시 용성면 사양지길 95 (용성면) ","경상북도 경산시","김홍근","053-810-6744","","","",""
"","","","447513202101389","http://www.animal.go.kr/files/shelter/2021/12/202112312012248_s.jpg","20211231","가일리","[개] 믹스견","연갈색, 블랙마스크","2021(년생)","1.86(Kg)","경북-경산-2021-00927","20211231","20220110","http://www.animal.go.kr/files/shelter/2021/12/202112312012248.jpg","보호중","M","N","생후 80일령 추정, 인근 공장 옆 야산에서 구조","경산시유기동물보호소","010-2536-0955","경상북도 경산시 용성면 사양지길 95 (용성면) ","경상북도 경산시","김홍근","053-810-6744","","","",""
"","","","447513202101388","http://www.animal.go.kr/files/shelter/2021/12/202112312012317_s.jpg","20211231","가일리","[개] 믹스견","흰색","2021(년생)","2.32(Kg)","경북-경산-2021-00926","20211231","20220110","http://www.animal.go.kr/files/shelter/2021/12/202112312012317.jpg","종료(자연사)","F","N","생후 80일령 추정, 인근 공장 옆 야산에서 구조","경산시유기동물보호소","010-2536-0955","경상북도 경산시 용성면 사양지길 95 (용성면) ","경상북도 경산시","김홍근","053-810-6744","","","",""
"","","","447513202101387","http://www.animal.go.kr/files/shelter/2021/12/202112311512456_s.jpg","20211231","가일리","[개] 믹스견","흰색","2021(년생)","1.82(Kg)","경북-경산-2021-00925","20211231","20220110","http://www.animal.go.kr/files/shelter/2021/12/202112311512456.jpg","종료(입양)","F","N","생후 80일령 추정, 인근 공장 옆 야산에서 구조","경산시유기동물보호소","010-2536-0955","경상북도 경산시 용성면 사양지길 95 (용성면) ","경상북도 경산시","김홍근","053-810-6744","","","",""
"","","","447513202101386","http://www.animal.go.kr/files/shelter/2022/04/202204131004397_s.jpg","20211231","가일리","[개] 믹스견","검정색","2021(년생)","8.58(Kg)","경북-경산-2021-00924","20211231","20220110","http://www.animal.go.kr/files/shelter/2022/04/202204131004397.jpg","보호중","F","N","구조당시 생후 80일령 추정, 인근 공장 옆 야산에서 구조, 4월13일 사진, 체중갱신(2.16→8.58kg)","경산시유기동물보호소","010-2536-0955","경상북도 경산시 용성면 사양지길 95 (용성면) ","경상북도 경산시","김홍근","053-810-6744","","","",""
"","","","447508202100585","http://www.animal.go.kr/files/shelter/2021/12/202112311412154_s.jpg","20211231","고아읍 오로6길41-7 부근","[개] 웰시 코기 카디건","흰 갈색","2019(년생)","8.1(Kg)","경북-구미-2021-00588","20211231","20220112","http://www.animal.go.kr/files/shelter/2021/12/202112311412154.jpg","종료(안락사)","M","N","순하고 잘따름 관리가 잘됨 검은색 목띠 목줄","구미시 동물보호센터","054-471-5718","경상북도 구미시 해평면 낙동대로 2206  ","경상북도 구미시","백창훈","054-480-5842","","","",""
"","","","447508202100584","http://www.animal.go.kr/files/shelter/2021/12/202112311412616_s.jpg","20211231","고아읍 오로6길41-7 부근","[개] 말티즈","흰색","2019(년생)","4.5(Kg)","경북-구미-2021-00587","20211231","20220112","http://www.animal.go.kr/files/shelter/2021/12/202112311412616.jpg","종료(안락사)","F","N","순하고 잘따름 관리가 잘됨 분홍색 목띠 목줄","구미시 동물보호센터","054-471-5718","경상북도 구미시 해평면 낙동대로 2206  ","경상북도 구미시","백창훈","054-480-5842","","","",""
"","","","447505202101457","http://www.animal.go.kr/files/shelter/2021/12/20211231171291_s.jpg","20211231","경주시 서면 고속도로 안전지대","[개] 믹스견","갈색","2018(년생)","5(Kg)","경북-경주-2021-01261","20211231","20220110","http://www.animal.go.kr/files/shelter/2021/12/20211231171291.jpg","종료(반환)","M","N","까칠함","경주동물사랑보호센터","010-3841-6303","경상북도 경주시 천북면 천북로 8-4  경주시 동물사랑보호센터","경상북도 경주시","경주시","054-760-2883","","","",""
"","","","447505202101449","http://www.animal.go.kr/files/shelter/2021/12/202112310912277_s.jpg","20211231","경주시 원효로114 1층","[고양이] 믹스묘","삼색이","2021(년생)","0.7(Kg)","경북-경주-2021-01260","20211231","20220110","http://www.animal.go.kr/files/shelter/2021/12/202112310912277.jpg","종료(입양)","F","N","온순 , 귀여움","경주동물사랑보호센터","010-3841-6303","경상북도 경주시 천북면 천북로 8-4  경주시 동물사랑보호센터","경상북도 경주시","경주시","054-760-2883","","","",""
"","","","447502202102520","http://www.animal.go.kr/files/shelter/2021/12/202112311512339_s.jpg","20211231","경상북도 포항시 북구 흥해읍 용금길11번길 43","[개] 믹스견","황백흑","2021(년생)","2.5(Kg)","경북-포항-2021-01468","20211231","20220110","http://www.animal.go.kr/files/shelter/2021/12/202112311512339.jpg","종료(안락사)","M","N","1.5개월,중대형아가,오리지널(?)시고르자브종,로트와일러무늬의 벌써부터 잘생긴왕자,머즐에살이많아모찌함","영일동물플러스","054-262-8295","경상북도 포항시 북구 흥해읍 덕장길 224 (흥해읍) ","경상북도 포항시","이형석","054-270-3368","","","",""
"","","","447502202102519","http://www.animal.go.kr/files/shelter/2021/12/202112311512434_s.jpg","20211231","경상북도 포항시 북구 흥해읍 용금길11번길 43","[개] 믹스견","황백흑","2021(년생)","2.2(Kg)","경북-포항-2021-01467","20211231","20220110","http://www.animal.go.kr/files/shelter/2021/12/202112311512434.jpg","종료(안락사)","F","N","1.5개월,중대형아가,오리지널(?)시고르자브종,쿨내나는여교사가될거같은지적인관상(?),교육해주실가족구함!","영일동물플러스","054-262-8295","경상북도 포항시 북구 흥해읍 덕장길 224 (흥해읍) ","경상북도 포항시","이형석","054-270-3368","","","",""
"","","","447502202102518","http://www.animal.go.kr/files/shelter/2021/12/202112311512199_s.jpg","20211231","경상북도 포항시 북구 흥해읍 용금길11번길 43","[개] 믹스견","황백흑","2021(년생)","2(Kg)","경북-포항-2021-01466","20211231","20220110","http://www.animal.go.kr/files/shelter/2021/12/202112311512199.jpg","종료(안락사)","F","N","1.5개월,중대형아가,오리지널(?)시고르자브종,자연산의두꺼운쌍커플,퍼그의쪼글?해질듯한느낌나는공쥬","영일동물플러스","054-262-8295","경상북도 포항시 북구 흥해읍 덕장길 224 (흥해읍) ","경상북도 포항시","이형석","054-270-3368","","","",""
"","","","447502202102517","http://www.animal.go.kr/files/shelter/2021/12/202112311512540_s.jpg","20211231","경상북도 포항시 북구 흥해읍 용금길11번길 43","[개] 믹스견","황백흑","2021(년생)","2.3(Kg)","경북-포항-2021-01465","20211231","20220110","http://www.animal.go.kr/files/shelter/2021/12/202112311512540.jpg","종료(안락사)","M","N","1.5개월,중대형아가,오리지널(?)시고르자브종,똘망한 눈과 반대되는 멍뭉미 넘치는 표정이 미소가 절로나옴","영일동물플러스","054-262-8295","경상북도 포항시 북구 흥해읍 덕장길 224 (흥해읍) ","경상북도 포항시","이형석","054-270-3368","","","",""
"","","","447502202102516","http://www.animal.go.kr/files/shelter/2021/12/202112311512927[1]_s.jpg","20211231","경상북도 포항시 북구 흥해읍 용금길11번길 43","[개] 믹스견","흑황백","2021(년생)","1.7(Kg)","경북-포항-2021-01464","20211231","20220110","http://www.animal.go.kr/files/shelter/2021/12/202112311512927[1].jpg","종료(자연사)","F","N","1.5개월,중대형아가,오리지널(?)시고르자브종,코 반쯤없음,가장 작고 힘에서 밀리지만 씩씩한 공주","영일동물플러스","054-262-8295","경상북도 포항시 북구 흥해읍 덕장길 224 (흥해읍) ","경상북도 포항시","이형석","054-270-3368","","","",""
"","","","447502202102515","http://www.animal.go.kr/files/shelter/2021/12/202112311412689_s.jpg","20211231","경상북도 포항시 북구 흥해읍 양백리 산1","[개] 믹스견","황백흑","2021(년생)","5(Kg)","경북-포항-2021-01463","20211231","20220110","http://www.animal.go.kr/files/shelter/2021/12/202112311412689.jpg","종료(안락사)","F","N","3개월,수로에빠져홀딱젖어추위에 떨고있었음,2마리남매같이입소,엄청겁많고소심,특~대형견 아기,약간입질","영일동물플러스","054-262-8295","경상북도 포항시 북구 흥해읍 덕장길 224 (흥해읍) ","경상북도 포항시","이형석","054-270-3368","","","",""
"","","","447502202102514","http://www.animal.go.kr/files/shelter/2021/12/202112311412490_s.jpg","20211231","경상북도 포항시 북구 흥해읍 양백리 산1","[개] 믹스견","황 백","2021(년생)","5(Kg)","경북-포항-2021-01462","20211231","20220110","http://www.animal.go.kr/files/shelter/2021/12/202112311412490.jpg","종료(안락사)","M","N","3개월,수로에 빠져 홀딱 젖어 추위에 떨고 있었음,2마리 남매같이 입소,엄청 겁많고 소심,특~대형견 아기","영일동물플러스","054-262-8295","경상북도 포항시 북구 흥해읍 덕장길 224 (흥해읍) ","경상북도 포항시","이형석","054-270-3368","","","",""
"","","","446501202100283","http://www.animal.go.kr/files/shelter/2021/12/202112312212594_s.jpg","20211231","지도읍","[고양이] 한국 고양이","흰고등어색","2021(년생)","1(Kg)","전남-신안-2021-00282","20211231","20220110","http://www.animal.go.kr/files/shelter/2021/12/202112312212594.jpg","종료(입양)","M","U","경계, 지붕위에서 배회,호흡기","신안군유기동물보호소","010-9678-9966","전라남도 무안군 삼향읍 석매길 21-5 (삼향읍) ","전라남도 신안군","신안군","061-240-8346","","","",""
"","","","446501202100282","http://www.animal.go.kr/files/shelter/2021/12/202112312212323_s.jpg","20211231","임자면","[개] 믹스견","흰색","2020(년생)","16(Kg)","전남-신안-2021-00281","20211231","20220110","http://www.animal.go.kr/files/shelter/2021/12/202112312212323.jpg","종료(자연사)","M","U","심하게 경계, 목줄조임으로 크고 깊은상처","신안군유기동물보호소","010-9678-9966","전라남도 무안군 삼향읍 석매길 21-5 (삼향읍) ","전라남도 신안군","신안군","061-240-8346","","","",""
"","","","446499202100281","http://www.animal.go.kr/files/shelter/2021/12/202112311312879_s.jpg","20211231","군외면 남선리","[개] 믹스견","흰색 ","2016(년생)","8(Kg)","전남-완도-2021-00300","20211231","20220110","http://www.animal.go.kr/files/shelter/2021/12/202112311312879.jpg","종료(안락사)","F","N","진도 믹스 ","유기동물임시보호센터","061-550-5741","전라남도 완도군 신지면 신지로6번길 23-89 (신지면) ","전라남도 완도군","완도군","061-550-5741","","","",""
"","","","446499202100280","http://www.animal.go.kr/files/shelter/2021/12/202112311112140_s.jpg","20211231","군외면 남선리","[개] 믹스견","흰색","2015(년생)","15(Kg)","전남-완도-2021-00299","20211231","20220110","http://www.animal.go.kr/files/shelter/2021/12/202112311112140.jpg","종료(반환)","M","N","흰색 진도 믹스 ","유기동물임시보호센터","061-550-5741","전라남도 완도군 신지면 신지로6번길 23-89 (신지면) ","전라남도 완도군","완도군","061-550-5741","","","",""
"","","","446493202100465","http://www.animal.go.kr/files/shelter/2021/12/202112311012766_s.jpg","20211231","현산면 매화길","[개] 믹스견","검정","2021(년생)","5(Kg)","전남-해남-2021-00465","20211231","20220110","http://www.animal.go.kr/files/shelter/2021/12/202112311012766.jpeg","종료(자연사)","F","U","사람을 잘따름","해남군임시동물보호소","061-531-3914","전라남도 해남군 해남읍 부흥길 59-70  ","전라남도 해남군","조성우","061-531-3914","","","",""
"","","","446493202100464","http://www.animal.go.kr/files/shelter/2021/12/20211231101248_s.jpg","20211231","해남읍 남부순환로","[개] 믹스견","갈색","2021(년생)","1(Kg)","전남-해남-2021-00464","20211231","20220110","http://www.animal.go.kr/files/shelter/2021/12/20211231101248.jpeg","종료(자연사)","F","U","사람을 잘따름","해남군임시동물보호소","061-531-3914","전라남도 해남군 해남읍 부흥길 59-70  ","전라남도 해남군","조성우","061-531-3914","","","",""
"","","","446493202100463","http://www.animal.go.kr/files/shelter/2021/12/202112311012831_s.jpg","20211231","문내면 궁항길","[개] 믹스견","얼룩(갈색,흰색)","2020(년생)","5(Kg)","전남-해남-2021-00463","20211231","20220110","http://www.animal.go.kr/files/shelter/2021/12/202112311012831.jpeg","종료(안락사)","M","U","사람을 잘따름","해남군임시동물보호소","061-531-3914","전라남도 해남군 해남읍 부흥길 59-70  ","전라남도 해남군","조성우","061-531-3914","","","",""
"","","","446493202100462","http://www.animal.go.kr/files/shelter/2021/12/202112311012259_s.jpg","20211231","황산면 원금길","[개] 믹스견","흰색","2021(년생)","1(Kg)","전남-해남-2021-00462","20211231","20220110","http://www.animal.go.kr/files/shelter/2021/12/202112311012259.jpeg","종료(자연사)","F","U","사람을 잘따름","해남군임시동물보호소","061-531-3914","전라남도 해남군 해남읍 부흥길 59-70  ","전라남도 해남군","조성우","061-531-3914","","","",""
"","","","446493202100461","http://www.animal.go.kr/files/shelter/2021/12/202112311012337_s.jpg","20211231","황산면 원금길","[개] 믹스견","흰색","2021(년생)","1(Kg)","전남-해남-2021-00461","20211231","20220110","http://www.animal.go.kr/files/shelter/2021/12/202112311012337.jpeg","종료(자연사)","M","U","사람을 잘따름","해남군임시동물보호소","061-531-3914","전라남도 해남군 해남읍 부흥길 59-70  ","전라남도 해남군","조성우","061-531-3914","","","",""
"","","","446493202100460","http://www.animal.go.kr/files/shelter/2021/12/202112311012114_s.jpg","20211231","황산면 원금길","[개] 믹스견","흰색","2021(년생)","1(Kg)","전남-해남-2021-00460","20211231","20220110","http://www.animal.go.kr/files/shelter/2021/12/202112311012114.jpeg","종료(자연사)","F","U","사람을 잘따름","해남군임시동물보호소","061-531-3914","전라남도 해남군 해남읍 부흥길 59-70  ","전라남도 해남군","조성우","061-531-3914","","","",""
"","","","446493202100459","http://www.animal.go.kr/files/shelter/2021/12/202112310912275_s[1].jpg","20211231","산이면 구성리","[개] 믹스견","흰색","2020(년생)","15(Kg)","전남-해남-2021-00459","20211231","20220110","http://www.animal.go.kr/files/shelter/2021/12/202112310912275.jpeg","종료(안락사)","F","U","사람을 잘따름","해남군임시동물보호소","061-531-3914","전라남도 해남군 해남읍 부흥길 59-70  ","전라남도 해남군","조성우","061-531-3914","","","",""
"","","","446493202100458","http://www.animal.go.kr/files/shelter/2021/12/202112310912870_s.jpg","20211231","현산면 백포길","[개] 믹스견","황색","2021(년생)","1(Kg)","전남-해남-2021-00458","20211231","20220110","http://www.animal.go.kr/files/shelter/2021/12/202112310912870.jpeg","종료(자연사)","M","U","사람을 잘따름","해남군임시동물보호소","061-531-3914","전라남도 해남군 해남읍 부흥길 59-70  ","전라남도 해남군","조성우","061-531-3914","","","",""
"","","","446493202100457","http://www.animal.go.kr/files/shelter/2021/12/202112310912962_s.jpg","20211231","현산면 백포길","[개] 믹스견","흰색","2021(년생)","1(Kg)","전남-해남-2021-00457","20211231","20220110","http://www.animal.go.kr/files/shelter/2021/12/202112310912962.jpeg","종료(자연사)","F","U","사람을 잘따름","해남군임시동물보호소","061-531-3914","전라남도 해남군 해남읍 부흥길 59-70  ","전라남도 해남군","조성우","061-531-3914","","","",""
"","","","446493202100456","http://www.animal.go.kr/files/shelter/2021/12/20211231091242_s.jpg","20211231","해남읍 고도리","[개] 믹스견","검정","2021(년생)","1(Kg)","전남-해남-2021-00456","20211231","20220110","http://www.animal.go.kr/files/shelter/2021/12/20211231091242.jpeg","종료(자연사)","M","U","사람을 잘따름","해남군임시동물보호소","061-531-3914","전라남도 해남군 해남읍 부흥길 59-70  ","전라남도 해남군","조성우","061-531-3914","","","",""
"","","","446493202100455","http://www.animal.go.kr/files/shelter/2021/12/202112310912719_s.jpg","20211231","해남읍 고도리","[개] 믹스견","검정","2021(년생)","1(Kg)","전남-해남-2021-00455","20211231","20220110","http://www.animal.go.kr/files/shelter/2021/12/202112310912719.jpeg","종료(자연사)","M","U","사람을 잘따름","해남군임시동물보호소","061-531-3914","전라남도 해남군 해남읍 부흥길 59-70  ","전라남도 해남군","조성우","061-531-3914","","","",""
"","","","446493202100454","http://www.animal.go.kr/files/shelter/2021/12/202112310912143_s[1].jpg","20211231","해남읍 고도리","[개] 믹스견","흰색","2021(년생)","1(Kg)","전남-해남-2021-00454","20211231","20220110","http://www.animal.go.kr/files/shelter/2021/12/202112310912143.jpeg","종료(반환)","M","U","사람을 잘따름","해남군임시동물보호소","061-531-3914","전라남도 해남군 해남읍 부흥길 59-70  ","전라남도 해남군","조성우","061-531-3914","","","",""
"","","","446493202100453","http://www.animal.go.kr/files/shelter/2021/12/202112310912259_s.jpg","20211231","해남읍 고도리","[개] 믹스견","흰색","2021(년생)","1(Kg)","전남-해남-2021-00453","20211231","20220110","http://www.animal.go.kr/files/shelter/2021/12/202112310912259.jpeg","종료(반환)","M","U","사람을 잘따름","해남군임시동물보호소","061-531-3914","전라남도 해남군 해남읍 부흥길 59-70  ","전라남도 해남군","조성우","061-531-3914","","","",""
"","","","446493202100452","http://www.animal.go.kr/files/shelter/2021/12/202112310912170_s.jpg","20211231","황산면 한아길","[개] 믹스견","흰색","2020(년생)","5(Kg)","전남-해남-2021-00452","20211231","20220110","http://www.animal.go.kr/files/shelter/2021/12/202112310912170.jpeg","종료(자연사)","F","U","사람을 잘따름","해남군임시동물보호소","061-531-3914","전라남도 해남군 해남읍 부흥길 59-70  ","전라남도 해남군","조성우","061-531-3914","","","",""
"","","","446493202100451","http://www.animal.go.kr/files/shelter/2021/12/202112310912611_s.jpg","20211231","황산면 한아길","[개] 믹스견","얼룩(황색,흰색)","2021(년생)","1(Kg)","전남-해남-2021-00451","20211231","20220110","http://www.animal.go.kr/files/shelter/2021/12/202112310912611.jpeg","종료(자연사)","M","U","사람을 잘따름","해남군임시동물보호소","061-531-3914","전라남도 해남군 해남읍 부흥길 59-70  ","전라남도 해남군","조성우","061-531-3914","","","",""
"","","","446493202100450","http://www.animal.go.kr/files/shelter/2021/12/202112310912160_s.jpg","20211231","화산면 송평리","[개] 믹스견","흰색","2019(년생)","5(Kg)","전남-해남-2021-00450","20211231","20220110","http://www.animal.go.kr/files/shelter/2021/12/202112310912160.jpeg","종료(안락사)","F","U","사람을 잘따름","해남군임시동물보호소","061-531-3914","전라남도 해남군 해남읍 부흥길 59-70  ","전라남도 해남군","조성우","061-531-3914","","","",""
"","","","446493202100449","http://www.animal.go.kr/files/shelter/2021/12/202112310912456_s.jpg","20211231","화원면 청용2길","[개] 믹스견","흰색","2019(년생)","10(Kg)","전남-해남-2021-00449","20211231","20220110","http://www.animal.go.kr/files/shelter/2021/12/202112310912456.jpeg","종료(안락사)","F","U","사람을 잘따름","해남군임시동물보호소","061-531-3914","전라남도 해남군 해남읍 부흥길 59-70  ","전라남도 해남군","조성우","061-531-3914","","","",""
"","","","446493202100448","http://www.animal.go.kr/files/shelter/2021/12/20211231091278_s.jpg","20211231","황산면 원금길","[개] 믹스견","황색","2019(년생)","10(Kg)","전남-해남-2021-00448","20211231","20220110","http://www.animal.go.kr/files/shelter/2021/12/20211231091278.jpeg","종료(안락사)","M","U","사람을 잘따름","해남군임시동물보호소","061-531-3914","전라남도 해남군 해남읍 부흥길 59-70  ","전라남도 해남군","조성우","061-531-3914","","","",""
"","","","446493202100447","http://www.animal.go.kr/files/shelter/2021/12/202112310912350_s.jpg","20211231","해남읍 용머리길","[개] 믹스견","얼룩(황색,흰색)","2020(년생)","5(Kg)","전남-해남-2021-00447","20211231","20220110","http://www.animal.go.kr/files/shelter/2021/12/202112310912350.jpeg","종료(자연사)","M","U","사람을 잘따름","해남군임시동물보호소","061-531-3914","전라남도 해남군 해남읍 부흥길 59-70  ","전라남도 해남군","조성우","061-531-3914","","","",""
"","","","446493202100446","http://www.animal.go.kr/files/shelter/2021/12/202112310912900_s.jpg","20211231","화원면 명호길","[개] 골든 리트리버","황색","2016(년생)","25(Kg)","전남-해남-2021-00446","20211231","20220110","http://www.animal.go.kr/files/shelter/2021/12/202112310912900.jpeg","종료(입양)","F","U","사람을 잘따름","해남군임시동물보호소","061-531-3914","전라남도 해남군 해남읍 부흥길 59-70  ","전라남도 해남군","조성우","061-531-3914","","","",""
"","","","446493202100445","http://www.animal.go.kr/files/shelter/2021/12/202112310912992_s.jpg","20211231","해남읍 남외리","[개] 믹스견","흰색","2019(년생)","5(Kg)","전남-해남-2021-00445","20211231","20220110","http://www.animal.go.kr/files/shelter/2021/12/202112310912992.jpeg","종료(자연사)","M","U","사람을 잘따름","해남군임시동물보호소","061-531-3914","전라남도 해남군 해남읍 부흥길 59-70  ","전라남도 해남군","조성우","061-531-3914","","","",""
"","","","446493202100444","http://www.animal.go.kr/files/shelter/2021/12/20211231091294_s.jpg","20211231","해남읍 파출소","[개] 믹스견","황색","2021(년생)","1(Kg)","전남-해남-2021-00444","20211231","20220110","http://www.animal.go.kr/files/shelter/2021/12/20211231091294.jpeg","종료(자연사)","F","U","사람을 잘따름","해남군임시동물보호소","061-531-3914","전라남도 해남군 해남읍 부흥길 59-70  ","전라남도 해남군","조성우","061-531-3914","","","",""
"","","","446493202100443","http://www.animal.go.kr/files/shelter/2021/12/202112310912395_s.jpg","20211231","산이면 구성리","[개] 믹스견","흰색","2020(년생)","5(Kg)","전남-해남-2021-00443","20211231","20220110","http://www.animal.go.kr/files/shelter/2021/12/202112310912395.jpeg","종료(자연사)","M","U","사람을 잘따름","해남군임시동물보호소","061-531-3914","전라남도 해남군 해남읍 부흥길 59-70  ","전라남도 해남군","조성우","061-531-3914","","","",""
"","","","446493202100442","http://www.animal.go.kr/files/shelter/2021/12/202112310912500_s.jpg","20211231","마산면 금자길","[개] 믹스견","흰색","2021(년생)","1(Kg)","전남-해남-2021-00442","20211231","20220110","http://www.animal.go.kr/files/shelter/2021/12/202112310912500.jpeg","종료(자연사)","F","U","사람을 잘따름","해남군임시동물보호소","061-531-3914","전라남도 해남군 해남읍 부흥길 59-70  ","전라남도 해남군","조성우","061-531-3914","","","",""
"","","","446493202100441","http://www.animal.go.kr/files/shelter/2021/12/202112310912857_s[1].jpg","20211231","마산면 금자길","[개] 믹스견","흰색","2021(년생)","1(Kg)","전남-해남-2021-00441","20211231","20220110","http://www.animal.go.kr/files/shelter/2021/12/202112310912857.jpeg","종료(자연사)","M","U","사람을 잘따름","해남군임시동물보호소","061-531-3914","전라남도 해남군 해남읍 부흥길 59-70  ","전라남도 해남군","조성우","061-531-3914","","","",""
"","","","446493202100440","http://www.animal.go.kr/files/shelter/2021/12/202112310912364_s.jpg","20211231","마산면 금자길","[개] 믹스견","흰색","2021(년생)","1(Kg)","전남-해남-2021-00440","20211231","20220110","http://www.animal.go.kr/files/shelter/2021/12/202112310912364.jpeg","종료(자연사)","M","U","사람을 잘따름","해남군임시동물보호소","061-531-3914","전라남도 해남군 해남읍 부흥길 59-70  ","전라남도 해남군","조성우","061-531-3914","","","",""
"","","","446493202100439","http://www.animal.go.kr/files/shelter/2021/12/202112310912441_s.jpg","20211231","마산면 금자길","[개] 믹스견","흰색","2021(년생)","1(Kg)","전남-해남-2021-00439","20211231","20220110","http://www.animal.go.kr/files/shelter/2021/12/202112310912441.jpeg","종료(자연사)","F","U","사람을 잘따름","해남군임시동물보호소","061-531-3914","전라남도 해남군 해남읍 부흥길 59-70  ","전라남도 해남군","조성우","061-531-3914","","","",""
"","","","446493202100438","http://www.animal.go.kr/files/shelter/2021/12/202112310912164_s.jpg","20211231","마산면 금자길","[개] 믹스견","흰색","2020(년생)","5(Kg)","전남-해남-2021-00438","20211231","20220110","http://www.animal.go.kr/files/shelter/2021/12/202112310912164.jpeg","종료(자연사)","F","U","사람을 잘따름","해남군임시동물보호소","061-531-3914","전라남도 해남군 해남읍 부흥길 59-70  ","전라남도 해남군","조성우","061-531-3914","","","",""
"","","","446493202100437","http://www.animal.go.kr/files/shelter/2021/12/202112310912801_s.jpg","20211231","마산면 금자길","[개] 믹스견","얼룩(황색,흰색)","2019(년생)","5(Kg)","전남-해남-2021-00437","20211231","20220110","http://www.animal.go.kr/files/shelter/2021/12/202112310912801.jpeg","종료(안락사)","F","U","사람을 잘따름","해남군임시동물보호소","061-531-3914","전라남도 해남군 해남읍 부흥길 59-70  ","전라남도 해남군","조성우","061-531-3914","","","",""
"","","","446491202100262","http://www.animal.go.kr/files/shelter/2021/12/20211231171203_s.jpg","20211231","전남소방교육대","[개] 푸들","초코","2017(년생)","5(Kg)","전남-장흥-2021-00262","20211231","20220110","http://www.animal.go.kr/files/shelter/2021/12/20211231171203.jpg","종료(입양)","M","Y","순한성격으로 털뭉침이 심하며 왼쪽 앞발 검사사 필요해보임(골절의심)","장흥군 동물보호센터","061-860-6729","전라남도 장흥군 안양면 우드랜드길 288 (안양면, 남도국제교육원) 축산사업소","전라남도 장흥군","정찬일","061-860-6729","","","",""
"","","","446483202101098","http://www.animal.go.kr/files/shelter/2021/12/202112311712104_s.jpg","20211231","나주시 산포면 등수리242-10","[개] 믹스견","진갈색","2021(년생)","2(Kg)","전남-나주-2021-01019","20211231","20220110","http://www.animal.go.kr/files/shelter/2021/12/202112311712104.jpg","종료(안락사)","M","N","생후60일정도보임","나주유기동물보호센터","010-2331-7377","전라남도 나주시 산포면 내기3길 71-43 [*미고시] ","전라남도 나주시","축산과","061-339-7604","","","",""
"","","","446483202101097","http://www.animal.go.kr/files/shelter/2021/12/202112311712167_s.jpg","20211231","나주시 산포면 등수리242-10","[개] 믹스견","진갈색","2021(년생)","2(Kg)","전남-나주-2021-01018","20211231","20220110","http://www.animal.go.kr/files/shelter/2021/12/202112311712167.jpg","종료(입양)","M","N","생후60일정도보임","나주유기동물보호센터","010-2331-7377","전라남도 나주시 산포면 내기3길 71-43 [*미고시] ","전라남도 나주시","축산과","061-339-7604","","","",""
"","","","446483202101096","http://www.animal.go.kr/files/shelter/2021/12/202112311712441_s.jpg","20211231","나주시 산포면 등수리242-10","[개] 믹스견","진갈색","2021(년생)","2(Kg)","전남-나주-2021-01017","20211231","20220110","http://www.animal.go.kr/files/shelter/2021/12/202112311712441.jpg","종료(안락사)","F","N","생후60일정도보임","나주유기동물보호센터","010-2331-7377","전라남도 나주시 산포면 내기3길 71-43 [*미고시] ","전라남도 나주시","축산과","061-339-7604","","","",""
"","","","446483202101095","http://www.animal.go.kr/files/shelter/2021/12/202112311712623_s.jpg","20211231","나주시 산포면 등수리242-10","[개] 믹스견","연갈색","2018(년생)","14(Kg)","전남-나주-2021-01016","20211231","20220110","http://www.animal.go.kr/files/shelter/2021/12/202112311712623.jpg","종료(입양)","F","N","하우스에 들어와 분만함","나주유기동물보호센터","010-2331-7377","전라남도 나주시 산포면 내기3길 71-43 [*미고시] ","전라남도 나주시","축산과","061-339-7604","","","",""
"","","","446483202101094","http://www.animal.go.kr/files/shelter/2021/12/202112311712900_s.jpg","20211231","나주시 혁신도시 119소방대","[개] 믹스견","노랑색에흰색 약간있음","2021(년생)","13(Kg)","전남-나주-2021-01015","20211231","20220110","http://www.animal.go.kr/files/shelter/2021/12/202112311712900.jpg","종료(안락사)","M","N","혁신도시119구조","나주유기동물보호센터","010-2331-7377","전라남도 나주시 산포면 내기3길 71-43 [*미고시] ","전라남도 나주시","축산과","061-339-7604","","","",""
"","","","446481202101115","http://www.animal.go.kr/files/shelter/2021/12/202112311412262_s.jpg","20211231","오천동 179","[개] 믹스견","연한갈흰색","2021(년생)","3.5(Kg)","전남-여수-2021-00752","20211231","20220110","http://www.animal.go.kr/files/shelter/2021/12/202112311412262.jpg","종료(입양)","F","N","2~3개월령. 온순함. 마을 입구 도로변에서 발견","유기동물보호소","061-659-4429","전라남도 여수시 주동1길 32 (주삼동, 여수시농업기술센터) 여수시 유기동물보호소","전라남도 여수시","축산정책팀","061-659-4429","","","",""
"","","","446480202101184","http://www.animal.go.kr/files/shelter/2021/12/202112312112810_s.jpg","20211231","신안꿈동산@부근","[개] 푸들","갈색","2008(년생)","3.4(Kg)","전남-목포-2021-01101","20211231","20220110","http://www.animal.go.kr/files/shelter/2021/12/202112312112810.jpg","종료(입양)","M","Y","피부병,양쪽눈 백내장진행중,회색옷착용,중성화됨","목포시유기동물보호소","010-9678-9966","전라남도 무안군 삼향읍 석매길 21-5  ","전라남도 목포시","축산계","061-270-8693","","","",""
"","","","446480202101183","http://www.animal.go.kr/files/shelter/2021/12/202112312112490_s.jpg","20211231","하이마트부근","[고양이] 한국 고양이","검흰색","2019(년생)","4(Kg)","전남-목포-2021-01100","20211231","20220110","http://www.animal.go.kr/files/shelter/2021/12/202112312112490.jpg","종료(자연사)","M","U","교통사고","목포시유기동물보호소","010-9678-9966","전라남도 무안군 삼향읍 석매길 21-5  ","전라남도 목포시","축산계","061-270-8693","","","",""
"","","","446480202101182","http://www.animal.go.kr/files/shelter/2021/12/202112312112473_s.jpg","20211231","대양검문소부근","[개] 푸들","갈색","2015(년생)","4(Kg)","전남-목포-2021-01099","20211231","20220110","http://www.animal.go.kr/files/shelter/2021/12/202112312112473.jpg","종료(입양)","M","Y","주택가를 배회함,중성화됨","목포시유기동물보호소","010-9678-9966","전라남도 무안군 삼향읍 석매길 21-5  ","전라남도 목포시","축산계","061-270-8693","","","",""
"","","","446480202101181","http://www.animal.go.kr/files/shelter/2021/12/202112312112446_s.jpg","20211231","행복주택5차@부근","[개] 믹스견","검정색","2021(년생)","5(Kg)","전남-목포-2021-01098","20211231","20220110","http://www.animal.go.kr/files/shelter/2021/12/202112312112446.jpg","종료(반환)","M","U","녹색목줄착용,아파트주차장배회,가슴에 흰색털","목포시유기동물보호소","010-9678-9966","전라남도 무안군 삼향읍 석매길 21-5  ","전라남도 목포시","축산계","061-270-8693","","","",""
"","","","445470202101159","http://www.animal.go.kr/files/shelter/2021/12/202112311612967_s.jpg","20211231","사매면 대율화정길","[개] 믹스견","갈검색","2021(년생)","1.8(Kg)","전북-남원-2021-00733","20211231","20220110","http://www.animal.go.kr/files/shelter/2021/12/202112311612967.jpg","종료(안락사)","F","N","사진참조","청원동물병원","063-633-3533","전라북도 남원시 죽항동 278번지","전라북도 남원시","남원시","063-620-6420","","","",""
"","","","445470202101158","http://www.animal.go.kr/files/shelter/2021/12/202112311612569_s.jpg","20211231","사매면 대율화정길","[개] 믹스견","갈검색","2021(년생)","2.1(Kg)","전북-남원-2021-00732","20211231","20220110","http://www.animal.go.kr/files/shelter/2021/12/202112311612569.jpg","종료(입양)","M","N","사진참조","청원동물병원","063-633-3533","전라북도 남원시 죽항동 278번지","전라북도 남원시","남원시","063-620-6420","","","",""
"","","","445470202101157","http://www.animal.go.kr/files/shelter/2021/12/202112311612270_s.jpg","20211231","사매면 대율화정길","[개] 믹스견","갈검색","2021(년생)","1.9(Kg)","전북-남원-2021-00731","20211231","20220110","http://www.animal.go.kr/files/shelter/2021/12/202112311612270.jpg","종료(안락사)","M","N","사진참조","청원동물병원","063-633-3533","전라북도 남원시 죽항동 278번지","전라북도 남원시","남원시","063-620-6420","","","",""
"","","","445464202103712","http://www.animal.go.kr/files/shelter/2021/12/202112312012304_s.jpg","20211231","신광교회앞","[개] 믹스견","흰색갈색","2018(년생)","8(Kg)","전북-전주-2021-02166","20211231","20220110","http://www.animal.go.kr/files/shelter/2021/12/202112312012304.jpg","종료(입양)","M","N","에민함(교통사고)","동부동물병원","063-231-2455","전라북도 전주시 완산구 경원동1가 3-10","전라북도 전주시","김상찬","063-281-5277","","","",""
"","","","445464202103711","http://www.animal.go.kr/files/shelter/2021/12/202112311912962_s.jpg","20211231","따박골6길17","[개] 믹스견","황색","2021(년생)","5.2(Kg)","전북-전주-2021-02165","20211231","20220110","http://www.animal.go.kr/files/shelter/2021/12/202112311912962.jpg","보호중","F","U","온순함","동부동물병원","063-231-2455","전라북도 전주시 완산구 경원동1가 3-10","전라북도 전주시","김상찬","063-281-5277","","","",""
"","","","445464202103710","http://www.animal.go.kr/files/shelter/2021/12/20211231191209_s.jpg","20211231","따박골6길17","[개] 믹스견","흰색","2021(년생)","5.2(Kg)","전북-전주-2021-02164","20211231","20220110","http://www.animal.go.kr/files/shelter/2021/12/20211231191209.jpg","보호중","F","N","온순함","동부동물병원","063-231-2455","전라북도 전주시 완산구 경원동1가 3-10","전라북도 전주시","김상찬","063-281-5277","","","",""
"","","","444462202100633","http://www.animal.go.kr/files/shelter/2021/12/202112311112946_s.jpg","20211231","태안읍 용남로 557-29","[개] 믹스견","백색","2021(년생)","4(Kg)","충남-태안-2021-00551","20211231","20220107","http://www.animal.go.kr/files/shelter/2021/12/202112311112946.jpg","종료(입양)","F","N","순하고 귀여움","최동물병원","041-672-0346","충청남도 태안군 태안읍 남문리 504-6","충청남도 태안군","태안군","041-670-2827","","","",""
"","","","444462202100632","http://www.animal.go.kr/files/shelter/2021/12/202112311112320_s.jpg","20211231","태안읍 용남로 557-29","[개] 믹스견","백색","2021(년생)","2(Kg)","충남-태안-2021-00550","20211231","20220107","http://www.animal.go.kr/files/shelter/2021/12/202112311112320.jpg","종료(입양)","F","N","순하고 귀여움","최동물병원","041-672-0346","충청남도 태안군 태안읍 남문리 504-6","충청남도 태안군","태안군","041-670-2827","","","",""
"","","","444461202100486","http://www.animal.go.kr/files/shelter/2021/12/202112311012667_s.jpg","20211231","예산 향천리산 25-1","[개] 도베르만","검정, 갈색","2019(년생)","15(Kg)","충남-예산-2021-00483","20211231","20220110","http://www.animal.go.kr/files/shelter/2021/12/202112311012667.jpeg","종료(입양)","F","U","태양광 설치장소에 버려져 주민신고로 포획","예산동물보호센터","010-5453-8043","충청남도 예산군 예산읍 아리랑로 236  지하1층","충청남도 예산군","가축방역팀","041-339-7832","","","",""
"","","","444461202100485","http://www.animal.go.kr/files/shelter/2021/12/202112311012465_s.jpg","20211231","광시 대리 중말길 45","[개] 믹스견","갈색","2020(년생)","5(Kg)","충남-예산-2021-00482","20211231","20220110","http://www.animal.go.kr/files/shelter/2021/12/202112311012465.jpeg","종료(안락사)","F","U","산에 버려져 마을 이장님이 신고하여 구조","예산동물보호센터","010-5453-8043","충청남도 예산군 예산읍 아리랑로 236  지하1층","충청남도 예산군","가축방역팀","041-339-7832","","","",""
"","","","444461202100484","http://www.animal.go.kr/files/shelter/2021/12/202112311012697_s.jpg","20211231","신암 추사로 167","[개] 믹스견","검정, 갈색","2019(년생)","3(Kg)","충남-예산-2021-00481","20211231","20220110","http://www.animal.go.kr/files/shelter/2021/12/202112311012697.jpeg","종료(안락사)","M","U","농업기술센터 식당앞에 주인없이 며칠간 있어 주민신고로 구조","예산동물보호센터","010-5453-8043","충청남도 예산군 예산읍 아리랑로 236  지하1층","충청남도 예산군","가축방역팀","041-339-7832","","","",""
"","","","444461202100483","http://www.animal.go.kr/files/shelter/2021/12/20211231101277_s.jpg","20211231","신암 추사로 167","[개] 믹스견","검정,갈색","2019(년생)","5(Kg)","충남-예산-2021-00480","20211231","20220110","http://www.animal.go.kr/files/shelter/2021/12/20211231101277.jpeg","종료(안락사)","F","U","농업기술센터 식당앞에 주인없이 며칠간 있어 주민신고로 구조","예산동물보호센터","010-5453-8043","충청남도 예산군 예산읍 아리랑로 236  지하1층","충청남도 예산군","가축방역팀","041-339-7832","","","",""
"","","","444460202100677","http://www.animal.go.kr/files/shelter/2021/12/202112311512695_s.jpg","20211231","홍성읍 흥덕서로 166-81 좋은아침 카페 앞","[개] 믹스견","흰색","2020(년생)","8(Kg)","충남-홍성-2021-00546","20211231","20220107","http://www.animal.go.kr/files/shelter/2021/12/202112311512695.jpg","종료(입양)","F","U","사람 잘따름","금일동물보호센터","010-5432-5665","충청남도 홍성군 홍동면 충절로 625 (홍동면) ","충청남도 홍성군","박철","041-630-1727","","","",""
"","","","444459202100156","http://www.animal.go.kr/files/shelter/2021/12/202112311412441_s.jpg","20211231","정산면 남천리 인근","[개] 믹스견","흰색","2021(년생)","3.00(Kg)","충남-청양-2021-00126","20211231","20220110","http://www.animal.go.kr/files/shelter/2021/12/202112311412441.jpg","종료(안락사)","M","N","사람 잘 따르고 순함","청양보호소","041-940-2972","충청남도 청양군 대치면 청산로 446-17 (대치면) ","충청남도 청양군","가축방역담당","041-940-2972","","","",""
"","","","444459202100155","http://www.animal.go.kr/files/shelter/2021/12/202112311012313_s.jpg","20211231","대치면 수석리 인근","[개] 셔틀랜드 쉽독","흰/갈","2020(년생)","8.00(Kg)","충남-청양-2021-00125","20211231","20220110","http://www.animal.go.kr/files/shelter/2021/12/202112311012313.jpg","종료(입양)","M","N","사람 잘 따르며 순함","청양보호소","041-940-2972","충청남도 청양군 대치면 청산로 446-17 (대치면) ","충청남도 청양군","가축방역담당","041-940-2972","","","",""
"","","","444458202100394","http://www.animal.go.kr/files/shelter/2021/12/202112311712581_s.jpg","20211231","충청남도 서천군 한산면 화한로637번길 32-28","[개] 믹스견","황색,흰색","2021(년생)","0.5(Kg)","충남-서천-2021-00270","20211231","20220110","http://www.animal.go.kr/files/shelter/2021/12/202112311712581.jpg","종료(자연사)","F","N","황색2, 흰색1마리 강아지","서천군유기동물보호소","041-950-4390","충청남도 서천군 마산면 한마로 1189-19 ","충청남도 서천군","서천군","041-950-4388","","","",""
"","","","444458202100393","http://www.animal.go.kr/files/shelter/2021/12/202112311712220[1]_s.jpg","20211231","충청남도 서천군 한산면 화한로637번길 32-28","[개] 믹스견","황색","2021(년생)","0.5(Kg)","충남-서천-2021-00269","20211231","20220110","http://www.animal.go.kr/files/shelter/2021/12/202112311712220[1].jpg","종료(자연사)","F","N","황색2, 흰색1마리 강아지","서천군유기동물보호소","041-950-4390","충청남도 서천군 마산면 한마로 1189-19 ","충청남도 서천군","서천군","041-950-4388","","","",""
"","","","444455202100323","http://www.animal.go.kr/files/shelter/2021/12/202112311112863_s.jpg","20211231","남일면 봉황로 349","[개] 믹스견","갈색","2021(년생)","4(Kg)","충남-금산-2021-00175","20211231","20220110","http://www.animal.go.kr/files/shelter/2021/12/202112311112863.jpeg","종료(입양)","M","N","이상없음, 3개월 추정, 순함","월드동물병원","041-750-2584","충청남도 금산군 금산읍 비단로 102  103호","충청남도 금산군","금산군","041-750-2584","","","",""
"","","","444453202101046","http://www.animal.go.kr/files/shelter/2021/12/202112311612817_s.jpg","20211231","부석면 칠전삼거리 버스승강장","[개] 믹스견","갈색 검은색 흰색","2019(년생)","6.04(Kg)","충남-서산-2021-00779","20211231","20220107","http://www.animal.go.kr/files/shelter/2021/12/202112311612817.jpg","종료(자연사)","F","U","골반 골절, 기력 없음","서산시 동물보호센터","041-660-2040","충청남도 서산시 인지면 무학재1길 99  ","충청남도 서산시","최기항","041-660-2392","","","",""
"","","","444453202101045","http://www.animal.go.kr/files/shelter/2021/12/202112311412310_s.jpg","20211231","대산 터미널","[개] 푸들","갈색","2016(년생)","5.72(Kg)","충남-서산-2021-00778","20211231","20220107","http://www.animal.go.kr/files/shelter/2021/12/202112311412310.jpg","종료(반환)","M","U","몸에 12월 26일에 주인을 잃은거 같다고 쪽지 붙어 있었음, 순함, 사람 잘 따름","서산시 동물보호센터","041-660-2040","충청남도 서산시 인지면 무학재1길 99  ","충청남도 서산시","최기항","041-660-2392","","","",""
"","","","444453202101044","http://www.animal.go.kr/files/shelter/2021/12/202112311412824_s.jpg","20211231","고북면 장요리 395-1","[개] 진도견","흰색, 베이지색, 갈색","2019(년생)","12.4(Kg)","충남-서산-2021-00777","20211231","20220107","http://www.animal.go.kr/files/shelter/2021/12/202112311412824.jpg","종료(안락사)","F","U","경계","서산시 동물보호센터","041-660-2040","충청남도 서산시 인지면 무학재1길 99  ","충청남도 서산시","최기항","041-660-2392","","","",""
"","","","444453202101043","http://www.animal.go.kr/files/shelter/2021/12/202112311412555_s.jpg","20211231","인지면 차동길 236-18","[개] 믹스견","회색 갈색 흰색","2019(년생)","20.76(Kg)","충남-서산-2021-00776","20211231","20220107","http://www.animal.go.kr/files/shelter/2021/12/202112311412555.jpg","종료(안락사)","F","U","알래스칸 말라뮤트 믹스, 파란 목줄 착용, 철 리드줄 착용, 밝은 갈색 눈, 온순,","서산시 동물보호센터","041-660-2040","충청남도 서산시 인지면 무학재1길 99  ","충청남도 서산시","최기항","041-660-2392","","","",""
"","","","444451202100955","http://www.animal.go.kr/files/shelter/2021/12/202112311912508_s.jpg","20211231","청소면 장곡리","[개] 믹스견","흰색","2021(년생)","2.20(Kg)","충남-보령-2021-00582","20211231","20220110","http://www.animal.go.kr/files/shelter/2021/12/202112311912508.jpg","종료(안락사)","M","N","2개월령 추정","보령시유기동물보호소","010-5427-7210","충청남도 보령시 녹문3길 7 (내항동) ","충청남도 보령시","박태섭","041-930-7924","","","",""
"","","","444451202100954","http://www.animal.go.kr/files/shelter/2021/12/202112311912525_s.jpg","20211231","청소면 장곡리","[개] 믹스견","검정색","2021(년생)","2.40(Kg)","충남-보령-2021-00581","20211231","20220110","http://www.animal.go.kr/files/shelter/2021/12/202112311912525.jpg","종료(안락사)","F","N","2개월령 추정","보령시유기동물보호소","010-5427-7210","충청남도 보령시 녹문3길 7 (내항동) ","충청남도 보령시","박태섭","041-930-7924","","","",""
"","","","444451202100953","http://www.animal.go.kr/files/shelter/2021/12/202112311912677_s.jpg","20211231","청소면 장곡리","[개] 믹스견","검흰색","2021(년생)","3.00(Kg)","충남-보령-2021-00580","20211231","20220110","http://www.animal.go.kr/files/shelter/2021/12/202112311912677.jpg","종료(자연사)","M","N","2개월령 추정","보령시유기동물보호소","010-5427-7210","충청남도 보령시 녹문3길 7 (내항동) ","충청남도 보령시","박태섭","041-930-7924","","","",""
"","","","444451202100952","http://www.animal.go.kr/files/shelter/2021/12/202112311912894_s.jpg","20211231","청소면 장곡리","[개] 믹스견","갈색","2021(년생)","3.50(Kg)","충남-보령-2021-00579","20211231","20220110","http://www.animal.go.kr/files/shelter/2021/12/202112311912894.jpg","종료(자연사)","M","N","2개월령 추정","보령시유기동물보호소","010-5427-7210","충청남도 보령시 녹문3길 7 (내항동) ","충청남도 보령시","박태섭","041-930-7924","","","",""
"","","","444451202100951","http://www.animal.go.kr/files/shelter/2021/12/202112311912792_s.jpg","20211231","청소면 장곡리","[개] 믹스견","검정색","2021(년생)","3.50(Kg)","충남-보령-2021-00578","20211231","20220110","http://www.animal.go.kr/files/shelter/2021/12/202112311912792.jpg","종료(자연사)","M","N","2개월령 추정","보령시유기동물보호소","010-5427-7210","충청남도 보령시 녹문3길 7 (내항동) ","충청남도 보령시","박태섭","041-930-7924","","","",""
"","","","444450202101067","http://www.animal.go.kr/files/shelter/2021/12/202112311612699_s.jpg","20211231","공주시 주미동 가정집","[개] 진도견","연갈색","2019(년생)","25(Kg)","충남-공주-2021-00554","20211231","20220113","http://www.animal.go.kr/files/shelter/2021/12/202112311612699.png","종료(안락사)","M","N","초록색목줄과 빨간색 끈 착용, 사람을 잘따름,진드기, 심장사상충감염의심","공주시 동물보호소","041-853-7575","충청남도 공주시 감영길 7 (반죽동) ","충청남도 공주시","축산유통팀","041-840-8580","","","",""
"","","","444449202101877","http://www.animal.go.kr/files/shelter/2021/12/202112311712942[1]_s.jpg","20211231","삼성 SDI 앞 도로","[개] 스탠다드 푸들","황색","2013(년생)","23(Kg)","충남-천안-2021-01223","20211231","20220110","http://www.animal.go.kr/files/shelter/2021/12/202112311712942[1].jpg","종료(반환)","M","N","동물등록돼있음.","유실유기동물보호소","010-5913-5119","충청남도 천안시 동남구 충절로 437 (삼룡동) ","충청남도 천안시","오병구","041-521-5735","","","",""
"","","","444449202101876","http://www.animal.go.kr/files/shelter/2021/12/202112311012973_s.jpg","20211231","불당지구대 앞","[개] 믹스견","검황색","2021(년생)","10(Kg)","충남-천안-2021-01222","20211231","20220110","http://www.animal.go.kr/files/shelter/2021/12/202112311012973.jpg","종료(안락사)","M","N","4개월령 추정. 순하며 사람을 좋아함.","유실유기동물보호소","010-5913-5119","충청남도 천안시 동남구 충절로 437 (삼룡동) ","충청남도 천안시","오병구","041-521-5735","","","",""
"","","","444449202101875","http://www.animal.go.kr/files/shelter/2021/12/202112311012950_s.jpg","20211231","동남구 신부동 85","[개] 믹스견","황회색","2021(년생)","8(Kg)","충남-천안-2021-01221","20211231","20220110","http://www.animal.go.kr/files/shelter/2021/12/202112311012950.jpg","종료(안락사)","F","N","4개월 추정.  경계가 있지만 순함.","유실유기동물보호소","010-5913-5119","충청남도 천안시 동남구 충절로 437 (삼룡동) ","충청남도 천안시","오병구","041-521-5735","","","",""
"","","","444449202101874","http://www.animal.go.kr/files/shelter/2021/12/202112310912461_s.jpg","20211231","구성동 267","[개] 라브라도 리트리버","미색","2017(년생)","30(Kg)","충남-천안-2021-01220","20211231","20220110","http://www.animal.go.kr/files/shelter/2021/12/202112310912461.jpg","종료(입양)","F","U","리트리버믹스. 많이 활발함. ","유실유기동물보호소","010-5913-5119","충청남도 천안시 동남구 충절로 437 (삼룡동) ","충청남도 천안시","오병구","041-521-5735","","","",""
"","","","443446202100282","http://www.animal.go.kr/files/shelter/2021/12/202112311612996_s.jpg","20211231","괴산군 사리면 이곡리 244-2","[개] 불독","흰색, 갈색","2016(년생)","20(Kg)","충북-괴산-2021-00285","20211231","20220110","http://www.animal.go.kr/files/shelter/2021/12/202112311612996.jpg","종료(자연사)","M","N","양쪽 견갑부위의 피부 탈손증상 있음, 심장사상충 감염상태로 건강상태 불량하여 분양시 자세한 설명 요함","괴산증평동물보호센터","010-3169-1151","충청북도 증평군 도안면 입장길 239 (도안면) ","충청북도 괴산군","윤영서","043-830-3233","","","",""
"","","","443442202100156","http://www.animal.go.kr/files/shelter/2021/12/202112311612253_s.jpg","20211231","충북 보은군 마로면 원정리","[개] 믹스견","갈색","2019(년생)","8(Kg)","충북-보은-2021-00138","20211231","20220110","http://www.animal.go.kr/files/shelter/2021/12/202112311612253.jpeg","종료(입양)","M","U","사람 잘 따름","최상오동물병원","043-543-0753","충청북도 보은군 보은읍 보은로 119-1 (보은읍) ","충청북도 보은군","류가은","043-540-3643","","","",""
"","","","442430202100177","http://www.animal.go.kr/files/shelter/2021/12/202112311112559_s.jpg","20211231","철원군 근남면 마현2리 ","[개] 믹스견","흰색","2020(년생)","5(Kg)","강원-철원-2021-00131","20211231","20220110","http://www.animal.go.kr/files/shelter/2021/12/202112311112559.jpg","종료(안락사)","F","U","소방서에서 인계받음. 1살이상추정. ","철원군","033-450-5394","강원도 철원군 동송읍 장흥로 311  ","강원도 철원군","철원군 동물방역계","033-450-5394","","","",""
"","","","442430202100176","http://www.animal.go.kr/files/shelter/2021/12/202112311112316_s.jpg","20211231","철원군 근남면 마현2리 ","[개] 믹스견","흰색+갈색점박이","2018(년생)","6(Kg)","강원-철원-2021-00130","20211231","20220110","http://www.animal.go.kr/files/shelter/2021/12/202112311112316.jpg","종료(안락사)","F","U","소방서에서 인계받음. 3살이상추정. 사람을 잘 따르지않음.","철원군","033-450-5394","강원도 철원군 동송읍 장흥로 311  ","강원도 철원군","철원군 동물방역계","033-450-5394","","","",""
"","","","442421202100348","http://www.animal.go.kr/files/shelter/2021/12/202112311312435_s.jpg","20211231","동해시 송정동 동부메탈","[개] 믹스견","갈색","2019(년생)","5(Kg)","강원-동해-2021-00258","20211231","20220110","http://www.animal.go.kr/files/shelter/2021/12/202112311312435.jpg","종료(반환)","M","N","상태양호","동해시유기동물보호소","033-522-2990","강원도 동해시 대동로 159-13 (송정동, 동해시유기동물보호소) ","강원도 동해시","김형기","033-530-2435","","","",""
"","","","442420202100812","http://www.animal.go.kr/files/shelter/2021/12/202112311612150_s.jpg","20211231","주문진 철뚝소머리국밥 앞","[고양이] 한국 고양이","치즈색 ","2021(년생)","3.1(Kg)","강원-강릉-2021-00707","20211231","20220110","http://www.animal.go.kr/files/shelter/2021/12/202112311612150.jpg","종료(안락사)","Q","U","교통사고 추정 / 기립불가능 / 호흡도 미약함","강릉시 동물사랑센터","033-641-7515","강원도 강릉시 성산면 내맬길 172  ","강원도 강릉시","동물정책과","033-640-5587","","","",""
"","","","442418202100716","http://www.animal.go.kr/files/shelter/2021/12/202112311412374_s.jpg","20211231","신샘밭로 388-8번지","[개] 진도견","흰색","2021(년생)","5(Kg)","강원-춘천-2021-00513","20211231","20220110","http://www.animal.go.kr/files/shelter/2021/12/202112311412374.jpg","종료(입양)","F","U","흰색, 온순함","춘천시 동물보호센터","033-245-5351","강원도 춘천시 신북읍 영서로 3282 (신북읍) (전)102보충대 주차장","강원도 춘천시","허성주","033-245-5092","","","",""
"","","","442418202100715","http://www.animal.go.kr/files/shelter/2021/12/202112311412790_s.jpg","20211231","신샘밭로 388-8번지","[개] 진도견","흰색","2021(년생)","5(Kg)","강원-춘천-2021-00512","20211231","20220110","http://www.animal.go.kr/files/shelter/2021/12/202112311412790.jpg","종료(입양)","F","U","흰색, 온순함","춘천시 동물보호센터","033-245-5351","강원도 춘천시 신북읍 영서로 3282 (신북읍) (전)102보충대 주차장","강원도 춘천시","허성주","033-245-5092","","","",""
"","","","441553202103086","http://www.animal.go.kr/files/shelter/2021/12/202112311612364_s[1].jpg","20211231","발안현대공구타운 출구쪽","[개] 믹스견","흰색","2018(년생)","22(Kg)","경기-화성-2021-01804","20211231","20220110","http://www.animal.go.kr/files/shelter/2021/12/202112311612364.jpg","종료(자연사)","M","N","갈색목줄착용, 전봇대에 묶여있음, 유기한것으로 추정","남양동물보호센터","031-356-2281","경기도 화성시 남양읍 화성로 1483-27 (남양읍) ","경기도 화성시","반려가족팀","031-5189-6686","","","",""
"","","","441553202103085","http://www.animal.go.kr/files/shelter/2021/12/202112311612909_s.jpg","20211231","정남면 금복리 75","[개] 믹스견","갈색","2019(년생)","16(Kg)","경기-화성-2021-01803","20211231","20220110","http://www.animal.go.kr/files/shelter/2021/12/202112311612909.jpg","종료(안락사)","F","N","갈색가죽목줄 착용, 젖이 늘어져 있는걸로보아 출산 경험이 있어보임, 아주 순함","남양동물보호센터","031-356-2281","경기도 화성시 남양읍 화성로 1483-27 (남양읍) ","경기도 화성시","반려가족팀","031-5189-6686","","","",""
"","","","441417202101322","http://www.animal.go.kr/files/shelter/2021/12/202112311712248_s.jpg","20211231","경기도 양평군 지평면 한치고갯길82","[개] 믹스견","갈색","2019(년생)","3(Kg)","경기-양평-2021-00479","20211231","20220110","http://www.animal.go.kr/files/shelter/2021/12/202112311712248.jpg","종료(기증)","M","N","순함","양평군유기동물보호소","031-770-2337","경기도 양평군 양평읍 농업기술센터길 59 (양평읍) ","경기도 양평군","양평군청","031-770-2337","","","",""
"","","","441417202101321","http://www.animal.go.kr/files/shelter/2021/12/202112311712285[1]_s.jpg","20211231","지평면 한치고갯길82","[개] 믹스견","갈색","2018(년생)","5(Kg)","경기-양평-2021-00478","20211231","20220110","http://www.animal.go.kr/files/shelter/2021/12/202112311712285[1].jpg","종료(입양)","F","N","순함","양평군유기동물보호소","031-770-2337","경기도 양평군 양평읍 농업기술센터길 59 (양평읍) ","경기도 양평군","양평군청","031-770-2337","","","",""
"","","","441406202101364","http://www.animal.go.kr/files/shelter/2021/12/202112311512836_s.jpg","20211231","새오리로 339번길 5-70 주차장","[개] 믹스견","황갈색","2021(년생)","3.6(Kg)","경기-파주-2021-00782","20211231","20220110","http://www.animal.go.kr/files/shelter/2021/12/202112311512836.jpg","종료(입양)","F","N","어린강아지","금릉동물병원","031-948-3375","경기도 파주시 로데오로 19 (금촌동) 프라임타워 103호","경기도 파주시","파주시 동물보호팀","031-940-4824","","","",""
"","","","441405202103287","http://www.animal.go.kr/files/shelter/2021/12/202112311412722_s.jpg","20211231","용인시 처인구 원삼면 원양로 591번길 6-12","[개] 믹스견","흰색,황색","2020(년생)","10(Kg)","경기-용인-2021-00942","20211231","20220110","http://www.animal.go.kr/files/shelter/2021/12/202112311412722.jpg","종료(기증)","F","U","조금 예민하여 적응이 필요한 아이","용인시 동물보호센터","031-324-3463","경기도 용인시 처인구 중부대로 1074-1 (삼가동) 용인시 동물보호센터","경기도 용인시","동물보호과","031-324-3463","","","",""
"","","","441404202101521","http://www.animal.go.kr/files/shelter/2021/12/202112312112975_s.jpg","20211231","위례학암로14번길  20","[개] 시바","황색","2020(년생)","10(Kg)","경기-하남-2021-00606","20211231","20220110","http://www.animal.go.kr/files/shelter/2021/12/202112312112975.jpg","종료(반환)","M","N","순하고사람좋아함","하남동물병원","031-793-7802","경기도 하남시 신평로 37 (덕풍동) 하남동물병원","경기도 하남시","농식품위생과","031-790-6317","","","",""
"","","","441401202101870","http://www.animal.go.kr/files/shelter/2021/12/202201011301250_s.jpg","20211231","미산동 550-1 부근","[개] 믹스견","백","2022(년생)","1(Kg)","경기-시흥-2022-00001","20211231","20220112","http://www.animal.go.kr/files/shelter/2021/12/202201011301250.jpg","종료(자연사)","F","N","기립불가,기력없음,뒷다리장애,","한국야생동물보호협회","031-296-0124","경기도 안산시 상록구 청곡길 50 (부곡동) 한국야생동물보호협회","경기도 시흥시","최아름","031-310-2247","","","",""
"","","","441394202103030","http://www.animal.go.kr/files/shelter/2021/12/202112311112774_s.jpg","20211231","선유동 367-1 부근","[개] 믹스견","검정,흰색","2019(년생)","11(Kg)","경기-고양-2021-01225","20211231","20220110","http://www.animal.go.kr/files/shelter/2021/12/202112311112774.jpg","종료(기증)","M","N","없음","고양시동물보호센터","031-962-3232","경기도 고양시 덕양구 고양대로 1695 (원흥동, 고양시 농업기술센터) 고양시동물보호센터","경기도 고양시","조재현(유기동물보호)","031-8075-4657","","","",""
"","","","441394202103029","http://www.animal.go.kr/files/shelter/2021/12/202112311112339_s.jpg","20211231","선유동 367-1 부근","[개] 믹스견","황색","2018(년생)","12(Kg)","경기-고양-2021-01224","20211231","20220110","http://www.animal.go.kr/files/shelter/2021/12/202112311112339.jpg","종료(기증)","M","N","없음","고양시동물보호센터","031-962-3232","경기도 고양시 덕양구 고양대로 1695 (원흥동, 고양시 농업기술센터) 고양시동물보호센터","경기도 고양시","조재현(유기동물보호)","031-8075-4657","","","",""
"","","","441394202103028","http://www.animal.go.kr/files/shelter/2021/12/202112311112436_s[1].jpg","20211231","선유동 367-1 부근","[개] 믹스견","황색","2018(년생)","11(Kg)","경기-고양-2021-01223","20211231","20220110","http://www.animal.go.kr/files/shelter/2021/12/202112311112436.jpg","종료(기증)","M","N","없음","고양시동물보호센터","031-962-3232","경기도 고양시 덕양구 고양대로 1695 (원흥동, 고양시 농업기술센터) 고양시동물보호센터","경기도 고양시","조재현(유기동물보호)","031-8075-4657","","","",""
"","","","441394202103027","http://www.animal.go.kr/files/shelter/2021/12/202112311112642_s.jpg","20211231","선유동 367-1 부근","[개] 믹스견","황색","2019(년생)","10(Kg)","경기-고양-2021-01222","20211231","20220110","http://www.animal.go.kr/files/shelter/2021/12/202112311112642.jpg","종료(기증)","F","N","없음","고양시동물보호센터","031-962-3232","경기도 고양시 덕양구 고양대로 1695 (원흥동, 고양시 농업기술센터) 고양시동물보호센터","경기도 고양시","조재현(유기동물보호)","031-8075-4657","","","",""
"","","","441394202103026","http://www.animal.go.kr/files/shelter/2021/12/202112311112621_s.jpg","20211231","선유동 367-1 부근","[개] 믹스견","황색","2018(년생)","6(Kg)","경기-고양-2021-01221","20211231","20220110","http://www.animal.go.kr/files/shelter/2021/12/202112311112621.jpg","종료(기증)","F","N","없음","고양시동물보호센터","031-962-3232","경기도 고양시 덕양구 고양대로 1695 (원흥동, 고양시 농업기술센터) 고양시동물보호센터","경기도 고양시","조재현(유기동물보호)","031-8075-4657","","","",""
"","","","441394202103025","http://www.animal.go.kr/files/shelter/2021/12/202112311112221_s.jpg","20211231","선유동 367-1 부근","[개] 믹스견","검정,황색,흰색","2018(년생)","7(Kg)","경기-고양-2021-01220","20211231","20220110","http://www.animal.go.kr/files/shelter/2021/12/202112311112221.jpg","종료(기증)","F","N","없음","고양시동물보호센터","031-962-3232","경기도 고양시 덕양구 고양대로 1695 (원흥동, 고양시 농업기술센터) 고양시동물보호센터","경기도 고양시","조재현(유기동물보호)","031-8075-4657","","","",""
"","","","441394202103023","http://www.animal.go.kr/files/shelter/2021/12/202112311112130_s.jpg","20211231","선유동 367-1 부근","[개] 믹스견","갈색,검정","2018(년생)","7(Kg)","경기-고양-2021-01218","20211231","20220110","http://www.animal.go.kr/files/shelter/2021/12/202112311112130.jpg","종료(기증)","M","Y","없음","고양시동물보호센터","031-962-3232","경기도 고양시 덕양구 고양대로 1695 (원흥동, 고양시 농업기술센터) 고양시동물보호센터","경기도 고양시","조재현(유기동물보호)","031-8075-4657","","","",""
"","","","441393202102474","http://www.animal.go.kr/files/shelter/2022/01/20220113150109_s.jpg","20211231","안산소방서에서 인수","[개] 시바","갈백","2022(년생)","4(Kg)","경기-안산-2022-00002","20211231","20220110","http://www.animal.go.kr/files/shelter/2022/01/20220113150109.jpg","종료(입양)","F","U","6개월추정. 오른쪽눈안질환. 칩있음. ","한국야생동물보호협회","031-296-0124","경기도 안산시 상록구 청곡길 50 (부곡동) 안산시 상록구 부곡동 231-5","경기도 안산시","안산시 농업정책과","031-481-2494","","","",""
